Step,Light1,Light2,Light3,Light4,Light5,Light6,Light7,Light8,Light9,Light10,Light11,Light12
0,233,233,233,233,233,233,233,233,233,233,233,233
1,233,233,233,233,233,233,233,233,233,233,233,233
2,237,242,249,228,246,258,237,242,242,219,249,219
3,237,242,249,228,246,258,237,242,242,233,249,233
4,266,247,261,244,244,258,244,271,249,233,264,228
5,266,247,261,244,244,258,244,271,249,233,264,233
6,282,247,272,261,261,274,242,271,257,235,264,221
7,282,247,272,261,261,274,242,271,257,233,264,233
8,316,264,269,271,279,290,249,271,251,226,269,212
9,316,264,269,271,279,290,249,271,251,233,269,233
10,338,259,272,266,288,305,247,295,259,219,274,235
11,338,259,272,266,288,305,247,295,259,233,274,233
12,351,259,272,271,285,338,247,322,254,223,288,221
13,351,259,272,271,285,338,247,322,254,233,288,233
14,355,259,269,279,302,335,264,335,259,223,297,226
15,355,259,269,279,302,335,264,335,259,233,297,233
16,362,274,280,288,314,355,277,348,259,230,300,214
17,362,274,280,288,314,355,277,348,259,233,300,233
18,362,280,285,285,308,362,297,383,256,209,315,209
19,362,280,285,285,308,362,297,383,256,233,315,233
20,373,294,294,302,314,369,311,414,269,221,334,230
21,373,294,285,302,314,362,311,414,269,233,334,233
22,380,297,280,314,308,369,315,426,275,209,327,219
23,380,297,280,314,308,369,315,426,275,209,327,219
24,403,306,282,324,311,362,308,435,280,199,347,212
25,403,306,280,324,311,369,308,435,280,209,347,219
26,399,309,285,327,305,362,308,435,288,190,340,203
27,403,306,285,324,311,362,308,435,280,190,347,203
28,427,306,285,327,326,369,311,478,286,179,343,189
29,427,306,285,327,326,362,311,478,286,190,343,203
30,431,293,271,310,336,362,314,521,300,192,336,201
31,427,306,285,327,336,362,314,521,300,190,336,203
32,431,309,282,314,333,362,324,527,300,171,336,193
33,431,309,282,314,336,362,314,521,300,171,336,193
34,440,302,274,314,360,358,330,579,312,168,333,187
35,431,309,282,314,360,362,330,579,312,171,333,193
36,427,293,282,314,367,373,353,643,306,168,356,193
37,431,309,282,314,367,362,353,643,306,171,356,193
38,423,302,271,320,371,362,346,668,297,170,374,193
39,431,309,282,314,371,362,346,668,297,171,374,193
40,427,302,271,311,389,366,339,688,288,168,400,195
41,431,309,282,314,389,362,339,688,288,171,400,193
42,427,306,265,314,389,358,356,730,290,163,429,178
43,431,309,282,314,389,362,356,730,290,171,429,193
44,444,287,291,307,405,355,371,795,293,166,429,195
45,431,309,282,314,405,362,371,795,293,171,429,193
46,431,302,268,295,417,369,389,787,288,170,446,187
47,431,309,282,295,417,362,389,787,288,170,446,187
48,414,299,282,280,421,362,413,850,296,171,472,189
49,431,309,282,295,421,362,413,850,296,170,472,187
50,418,312,282,283,451,362,408,953,293,153,482,178
51,431,309,282,295,451,362,408,953,293,170,482,187
52,414,309,268,295,446,351,412,1000,299,153,496,174
53,414,309,268,295,446,351,412,1000,299,153,496,174
54,427,315,263,298,437,344,429,1110,299,153,506,164
55,414,309,268,295,437,351,429,1110,299,153,506,174
56,414,302,249,295,450,344,459,1099,299,142,496,165
57,414,302,249,295,437,344,429,1110,299,142,506,165
58,422,284,252,289,428,341,442,1177,302,139,496,152
59,414,284,252,295,428,341,442,1177,302,142,496,165
60,427,267,237,298,459,327,460,1248,305,143,486,159
61,414,284,252,295,459,341,460,1248,305,142,486,165
62,402,270,249,289,481,327,478,1260,296,139,506,164
63,414,284,252,295,481,341,478,1260,296,142,506,165
64,402,276,260,286,486,347,473,1280,308,142,521,164
65,414,284,252,295,486,341,473,1280,308,142,521,165
66,393,287,244,295,520,351,468,1280,299,138,516,159
67,393,284,252,295,486,341,473,1280,308,138,521,159
68,389,281,254,298,491,323,473,1280,317,128,552,157
69,393,281,254,295,491,323,473,1280,317,138,552,159
70,397,281,257,289,506,311,497,1280,311,129,563,156
71,393,281,254,295,506,323,497,1280,311,138,563,159
72,405,290,257,274,501,317,492,1280,308,132,574,156
73,405,290,257,274,501,317,497,1280,308,132,563,156
74,397,299,239,274,536,311,522,1280,304,128,597,157
75,405,290,257,274,536,317,522,1280,308,132,597,156
76,413,287,252,255,557,320,517,1280,301,128,585,152
77,413,290,257,255,536,317,522,1280,308,128,597,152
78,417,293,257,242,520,301,532,1280,314,128,615,137
79,417,293,257,242,520,301,532,1280,314,128,615,137
80,397,284,257,247,509,286,554,1280,317,128,627,128
81,397,284,257,247,509,286,554,1280,317,128,627,128
82,377,275,262,250,499,272,570,1280,317,128,627,128
83,377,275,262,250,499,272,570,1280,317,128,627,128
84,377,278,265,232,514,269,582,1267,317,128,659,128
85,377,275,262,250,499,272,582,1267,317,128,659,128
86,369,259,252,235,514,272,576,1279,317,128,665,128
87,369,275,262,235,514,272,576,1279,317,128,665,128
88,362,267,265,223,514,274,581,1254,317,128,672,128
89,362,267,265,223,514,274,576,1279,317,128,665,128
90,373,265,273,229,504,280,605,1280,317,128,672,128
91,362,267,265,223,504,274,605,1280,317,128,672,128
92,347,275,257,229,524,269,617,1280,323,128,692,128
93,362,267,265,223,504,274,617,1280,317,128,692,128
94,351,254,252,225,489,269,617,1280,323,128,727,128
95,351,254,252,225,489,269,617,1280,323,128,727,128
96,358,259,244,223,503,261,623,1280,326,128,727,128
97,351,254,252,225,489,269,623,1280,323,128,727,128
98,354,256,244,232,503,277,648,1280,330,128,727,128
99,351,254,252,225,489,269,648,1280,323,128,727,128
100,354,239,246,227,508,272,628,1280,330,128,705,128
101,354,254,252,227,489,269,648,1280,323,128,727,128
102,354,256,244,227,494,266,654,1280,317,128,756,128
103,354,254,252,227,494,269,654,1280,317,128,756,128
104,351,244,257,232,489,266,667,1280,317,128,771,128
105,354,244,257,227,489,266,667,1280,317,128,771,128
106,362,249,241,232,494,269,694,1254,314,128,786,128
107,354,244,257,227,489,266,667,1280,317,128,771,128
108,351,239,254,232,503,258,647,1280,314,128,756,128
109,351,239,254,232,489,258,667,1280,317,128,771,128
110,347,222,246,232,484,253,687,1280,320,128,748,128
111,347,222,246,232,484,253,667,1280,320,128,771,128
112,344,218,229,223,484,240,694,1280,320,128,756,128
113,344,218,229,223,484,240,667,1280,320,128,771,128
114,344,211,220,211,508,240,674,1280,323,128,810,128
115,344,218,229,223,484,240,674,1280,320,128,810,128
116,347,215,213,216,484,248,708,1280,314,128,818,128
117,344,215,213,223,484,248,708,1280,314,128,818,128
118,340,218,202,214,494,250,715,1280,314,128,818,128
119,340,215,213,214,484,248,715,1280,314,128,818,128
120,337,200,204,216,479,250,700,1280,310,128,834,128
121,337,200,204,216,479,250,715,1280,310,128,818,128
122,330,200,198,222,474,245,729,1241,317,128,809,128
123,330,200,198,222,474,245,715,1280,317,128,818,128
124,334,202,186,218,465,235,722,1280,301,128,834,128
125,334,202,186,218,465,235,722,1280,301,128,834,128
126,330,202,177,207,465,238,708,1254,292,128,834,128
127,334,202,177,218,465,238,722,1280,292,128,834,128
128,327,204,170,222,460,245,715,1280,289,128,842,128
129,327,204,170,222,460,245,722,1280,289,128,834,128
130,327,202,161,229,460,240,729,1280,295,128,842,128
131,327,202,161,222,460,240,729,1280,295,128,842,128
132,320,196,155,229,455,237,722,1280,292,128,825,128
133,320,196,155,222,455,237,729,1280,292,128,842,128
134,330,196,146,220,446,235,744,1280,295,128,851,128
135,330,196,146,220,446,235,744,1280,295,128,851,128
136,347,198,140,218,442,235,736,1280,303,128,859,128
137,330,198,140,218,442,235,736,1280,303,128,859,128
138,323,198,134,213,451,237,729,1241,309,128,876,129
139,330,198,134,218,442,237,736,1280,303,128,859,129
140,347,198,134,218,451,245,751,1267,294,128,842,128
141,347,198,134,218,442,237,736,1280,303,128,859,129
142,343,184,133,224,433,240,736,1280,288,129,876,128
143,343,184,133,224,433,240,736,1280,288,129,876,128
144,346,188,128,229,442,230,729,1280,297,128,859,128
145,346,188,128,229,433,230,736,1280,288,128,876,128
146,350,180,131,222,433,219,744,1280,297,128,885,128
147,346,188,128,229,433,230,744,1280,297,128,885,128
148,353,182,128,229,437,230,744,1280,285,128,894,128
149,346,188,128,229,437,230,744,1280,285,128,894,128
150,343,192,128,224,442,226,744,1280,282,128,885,128
151,343,192,128,224,437,226,744,1280,285,128,894,128
152,340,182,128,215,442,221,759,1280,285,128,894,128
153,343,192,128,224,442,221,759,1280,285,128,894,128
154,336,188,129,213,446,228,751,1280,276,128,894,128
155,343,192,129,224,442,228,759,1280,285,128,894,128
156,343,182,131,220,433,228,759,1280,274,128,876,128
157,343,182,131,220,442,228,759,1280,285,128,894,128
158,340,188,128,217,451,230,774,1280,279,128,885,128
159,343,182,131,220,442,228,774,1280,285,128,885,128
160,343,178,128,226,437,228,758,1280,288,128,850,128
161,343,178,128,226,442,228,774,1280,285,128,885,128
162,346,166,128,217,446,235,774,1280,274,128,867,128
163,346,166,128,217,442,235,774,1280,285,128,885,128
164,357,166,128,213,446,235,758,1280,265,128,903,128
165,357,166,128,213,442,235,774,1280,285,128,885,128
166,360,154,131,211,424,225,766,1254,285,128,876,128
167,357,166,131,213,442,225,774,1280,285,128,885,128
168,360,169,128,211,451,223,789,1280,274,128,894,128
169,357,166,131,213,442,225,774,1280,285,128,885,128
170,360,154,128,209,451,223,789,1280,282,128,903,128
171,357,166,131,213,442,225,774,1280,285,128,885,128
172,360,164,128,202,433,221,758,1280,291,129,867,128
173,357,166,128,213,442,221,774,1280,285,129,885,128
174,360,166,130,219,446,214,782,1280,274,128,876,129
175,360,166,130,219,442,214,774,1280,285,128,885,129
176,360,171,131,224,442,218,766,1280,288,128,876,128
177,360,171,131,224,442,218,774,1280,285,128,885,128
178,357,166,128,226,424,225,758,1280,274,128,894,128
179,357,166,128,226,442,225,774,1280,285,128,885,128
180,357,161,128,224,433,225,789,1280,274,128,912,128
181,357,166,128,226,442,225,774,1280,285,128,885,128
182,350,164,128,233,415,216,735,1280,271,129,841,128
183,357,166,128,226,442,216,774,1280,285,129,885,128
184,360,164,128,217,433,209,782,1267,262,128,876,128
185,360,164,128,217,442,209,774,1280,285,128,885,128
186,357,162,128,217,446,211,774,1280,271,128,903,128
187,360,164,128,217,446,209,774,1280,271,128,903,128
188,357,162,128,210,433,199,743,1280,260,129,921,128
189,360,164,128,217,446,199,774,1280,271,129,903,128
190,353,156,129,219,428,193,782,1254,252,129,912,128
191,360,164,129,217,446,193,774,1280,271,129,903,128
192,357,159,128,223,455,191,774,1280,265,129,867,128
193,357,159,128,223,446,191,774,1280,271,129,903,128
194,357,148,128,219,437,183,774,1280,268,128,912,128
195,357,159,128,223,446,183,774,1280,268,128,912,128
196,350,156,130,217,424,174,751,1267,255,129,930,128
197,357,159,130,223,446,174,774,1280,268,129,912,128
198,350,162,134,230,433,174,766,1280,265,128,930,128
199,350,162,134,230,433,174,766,1280,265,128,930,128
200,353,167,134,228,446,178,735,1280,241,128,939,128
201,353,167,134,228,433,178,766,1280,265,128,930,128
202,353,155,128,232,424,179,758,1254,268,128,958,128
203,353,167,128,228,433,179,766,1280,265,128,930,128
204,350,159,128,226,446,170,781,1267,249,128,912,128
205,350,159,128,226,433,170,766,1280,265,128,930,128
206,339,156,128,223,433,162,751,1280,257,129,921,128
207,350,159,128,226,433,162,766,1280,265,129,930,128
208,364,156,128,230,424,167,766,1280,244,128,921,128
209,364,156,128,230,433,167,766,1280,265,128,930,128
210,364,159,128,225,407,172,735,1280,265,128,912,128
211,364,156,128,230,433,172,766,1280,265,128,930,128
212,356,153,128,225,411,177,789,1267,249,128,893,128
213,364,156,128,230,433,177,766,1280,265,128,930,128
214,360,159,128,230,424,173,743,1280,249,128,884,128
215,360,159,128,230,433,173,766,1280,265,128,930,128
216,353,160,128,221,424,177,774,1254,239,128,930,128
217,360,159,128,230,433,177,766,1280,265,128,930,128
218,360,149,130,225,437,182,774,1267,239,128,912,128
219,360,149,130,225,433,182,766,1280,265,128,930,128
220,367,146,129,219,420,173,728,1267,239,128,884,128
221,360,149,129,225,433,173,766,1280,265,128,930,128
222,353,142,128,219,424,176,774,1280,241,128,902,128
223,360,149,128,225,433,176,766,1280,265,128,930,128
224,353,151,130,219,402,182,743,1280,255,128,949,128
225,360,149,130,225,433,182,766,1280,265,128,930,128
226,356,149,133,230,441,187,789,1267,239,129,949,128
227,360,149,130,225,433,182,766,1280,265,128,930,128
228,356,149,128,221,402,185,735,1280,260,128,893,129
229,360,149,128,225,433,185,766,1280,265,128,930,129
230,353,140,129,228,424,178,781,1280,239,128,912,128
231,360,149,129,225,433,178,766,1280,265,128,930,128
232,360,142,128,219,407,182,735,1280,255,128,949,128
233,360,149,128,225,433,182,766,1280,265,128,930,128
234,353,154,129,232,411,187,743,1280,244,128,893,128
235,360,149,129,225,433,187,766,1280,265,128,930,128
236,364,142,128,219,411,189,751,1267,255,128,939,129
237,360,149,128,225,433,189,766,1280,265,128,930,129
238,356,142,129,216,441,183,774,1280,252,128,884,128
239,360,149,129,225,433,183,766,1280,265,128,930,128
240,353,142,128,223,415,185,758,1267,252,128,939,128
241,360,149,128,225,433,185,766,1280,265,128,930,128
242,364,152,131,225,424,178,743,1280,265,128,949,128
243,364,152,131,225,424,178,743,1280,265,128,949,128
244,356,146,128,225,411,174,765,1267,244,128,901,128
245,364,152,128,225,424,174,743,1280,265,128,949,128
246,371,152,128,221,420,174,706,1280,247,128,949,129
247,364,152,128,225,424,174,743,1280,265,128,949,129
248,353,152,128,225,424,179,728,1280,244,128,901,128
249,364,152,128,225,424,179,743,1280,265,128,949,128
250,360,155,128,221,433,179,706,1254,249,128,977,129
251,364,152,128,225,424,179,743,1280,265,128,949,129
252,374,152,128,225,433,172,728,1280,241,128,968,128
253,374,152,128,225,433,172,728,1280,241,128,968,128
254,382,146,131,219,433,167,743,1280,232,129,987,128
255,374,152,128,225,433,172,728,1280,241,128,968,128
256,374,146,128,221,441,176,735,1280,234,128,958,128
257,374,146,128,221,433,176,728,1280,241,128,968,128
258,378,146,129,225,424,181,735,1241,246,128,968,128
259,378,146,129,225,433,181,728,1280,241,128,968,128
260,371,140,128,230,420,172,750,1267,224,128,968,129
261,371,140,128,230,433,172,728,1280,241,128,968,129
262,371,130,131,230,441,168,728,1267,239,128,958,128
263,371,130,131,230,433,168,728,1280,241,128,968,128
264,374,130,133,225,433,172,721,1280,237,128,948,128
265,374,130,133,225,433,172,728,1280,241,128,968,128
266,374,128,128,223,424,173,728,1280,239,129,977,128
267,374,130,128,225,433,173,728,1280,239,129,977,128
268,378,134,128,225,446,172,728,1280,234,128,968,128
269,374,130,128,225,433,173,728,1280,239,129,977,128
270,374,128,128,216,433,173,706,1280,232,128,958,128
271,374,130,128,225,433,173,728,1280,239,128,977,128
272,378,130,128,214,433,177,714,1280,234,128,929,128
273,374,130,128,225,433,177,728,1280,239,128,977,128
274,371,128,128,227,424,173,699,1254,217,128,968,128
275,374,130,128,225,433,173,728,1280,239,128,977,128
276,371,128,128,216,446,166,735,1254,225,128,1007,128
277,374,130,128,225,433,166,728,1280,239,128,977,128
278,363,130,128,225,428,170,735,1254,234,128,968,128
279,374,130,128,225,433,170,728,1280,239,128,977,128
280,393,128,128,227,433,166,721,1280,229,129,958,129
281,393,128,128,227,433,166,728,1280,239,129,977,129
282,385,130,128,218,437,166,735,1280,215,128,977,128
283,385,130,128,218,433,166,728,1280,239,128,977,128
284,381,128,128,216,441,161,706,1267,229,128,968,129
285,385,130,128,218,433,161,728,1280,239,128,977,129
286,378,129,128,214,428,166,735,1254,246,128,977,128
287,385,130,128,218,433,166,728,1280,239,128,977,128
288,389,128,128,216,428,171,728,1254,232,128,938,128
289,389,128,128,216,433,171,728,1280,239,128,977,128
290,397,128,129,223,437,169,743,1280,225,129,968,128
291,389,128,128,216,433,171,728,1280,239,128,977,128
292,393,128,129,218,433,171,735,1254,229,128,977,128
293,393,128,129,218,433,171,728,1280,239,128,977,128
294,389,129,128,223,446,163,750,1280,232,129,958,128
295,393,128,129,218,433,171,728,1280,239,128,977,128
296,397,130,128,225,424,163,706,1280,227,128,958,128
297,397,130,128,225,433,163,728,1280,239,128,977,128
298,401,128,128,218,446,158,743,1254,227,128,1007,128
299,397,130,128,225,433,163,728,1280,239,128,977,128
300,401,128,128,214,415,164,735,1254,232,128,987,128
301,401,128,128,214,433,164,728,1280,239,128,977,128
302,393,128,128,212,433,168,735,1280,227,128,997,128
303,401,128,128,214,433,164,728,1280,239,128,977,128
304,397,128,128,218,441,164,735,1254,246,128,958,128
305,397,128,128,218,433,164,728,1280,239,128,977,128
306,401,128,128,218,428,168,699,1267,232,128,948,128
307,401,128,128,218,433,168,728,1280,239,128,977,128
308,409,128,128,207,428,159,750,1267,225,128,987,128
309,409,128,128,207,433,159,728,1280,239,128,977,128
310,413,128,128,209,428,162,728,1267,229,129,968,128
311,413,128,128,209,433,162,728,1280,239,129,977,128
312,409,130,128,203,428,167,714,1280,232,128,997,129
313,409,130,128,203,428,167,714,1280,232,128,997,129
314,401,128,128,199,420,166,706,1280,227,128,987,128
315,409,130,128,203,428,166,714,1280,232,128,997,128
316,409,128,129,209,428,167,728,1267,232,128,1017,128
317,409,130,128,203,428,166,714,1280,232,128,997,128
318,413,130,128,195,424,171,706,1267,236,128,987,128
319,413,130,128,195,428,171,714,1280,232,128,997,128
320,417,130,130,195,433,171,721,1280,239,128,997,128
321,413,130,128,195,428,171,714,1280,232,128,997,128
322,417,128,129,185,424,169,714,1241,236,129,987,128
323,417,128,129,185,428,169,714,1280,232,129,997,128
324,409,128,128,179,437,162,714,1241,225,128,1017,128
325,417,128,128,185,428,162,714,1280,232,128,997,128
326,417,128,128,179,420,162,714,1280,229,128,1007,128
327,417,128,128,185,428,162,714,1280,229,128,1007,128
328,425,128,128,185,420,154,706,1280,220,128,1017,128
329,425,128,128,185,428,154,714,1280,229,128,1007,128
330,421,128,130,187,420,155,699,1280,218,128,1007,128
331,421,128,130,187,428,155,714,1280,229,128,1007,128
332,430,128,128,191,424,155,714,1267,218,128,987,128
333,430,128,128,191,428,155,714,1280,229,128,1007,128
334,425,128,128,189,407,155,735,1280,223,129,1017,128
335,425,128,128,189,407,155,735,1280,223,129,1017,128
336,430,129,131,190,386,155,698,1280,209,128,1037,128
337,430,129,131,190,407,155,735,1280,223,128,1017,128
338,421,128,128,183,391,154,706,1280,223,128,986,128
339,430,129,128,190,407,154,735,1280,223,128,1017,128
340,438,128,128,187,395,152,713,1280,229,128,1017,128
341,438,128,128,187,407,152,735,1280,223,128,1017,128
342,429,130,128,179,399,149,728,1267,211,128,1007,128
343,429,130,128,179,407,149,735,1280,223,128,1017,128
344,429,129,128,172,419,152,757,1254,229,128,976,128
345,429,129,128,172,407,152,735,1280,223,128,1017,128
346,447,128,130,170,399,149,720,1280,216,128,976,128
347,447,128,130,170,407,149,735,1280,223,128,1017,128
348,451,128,129,174,386,148,757,1267,227,128,966,128
349,451,128,129,174,407,148,735,1280,223,128,1017,128
350,447,129,128,168,411,151,720,1267,229,128,997,128
351,447,129,128,168,407,151,735,1280,223,128,1017,128
352,438,130,128,162,399,151,728,1280,211,128,997,128
353,447,129,128,168,407,151,735,1280,223,128,1017,128
354,447,131,128,163,403,154,735,1280,209,128,1037,128
355,447,129,128,168,407,151,735,1280,223,128,1017,128
356,442,130,128,163,391,151,750,1280,227,128,966,128
357,442,130,128,163,407,151,735,1280,223,128,1017,128
358,438,129,128,158,407,151,706,1267,225,128,976,128
359,442,130,128,163,407,151,735,1280,223,128,1017,128
360,438,131,128,167,395,154,728,1267,223,128,997,128
361,438,130,128,163,407,154,735,1280,223,128,1017,128
362,446,133,128,165,419,152,713,1280,229,128,1037,128
363,438,130,128,163,407,154,735,1280,223,128,1017,128
364,433,128,128,155,386,155,735,1254,209,128,976,128
365,438,130,128,163,407,155,735,1280,223,128,1017,128
366,438,134,131,163,415,155,698,1267,216,128,1048,128
367,438,134,131,163,407,155,735,1280,223,128,1017,128
368,433,133,131,163,395,158,698,1280,214,128,997,128
369,438,134,131,163,407,158,735,1280,223,128,1017,128
370,433,134,135,158,399,150,728,1267,211,128,1017,128
371,438,134,135,163,407,150,735,1280,223,128,1017,128
372,429,128,129,168,407,150,728,1280,227,128,1048,128
373,438,134,135,163,407,150,735,1280,223,128,1017,128
374,433,135,137,163,419,152,735,1254,225,128,986,128
375,433,135,137,163,407,152,735,1280,223,128,1017,128
376,429,129,130,162,399,155,713,1254,220,128,1027,128
377,433,135,130,163,407,155,735,1280,223,128,1017,128
378,438,134,128,167,399,157,713,1280,223,128,1027,128
379,438,134,128,167,399,157,713,1280,223,128,1027,128
380,451,133,128,168,399,157,727,1280,220,128,1048,128
381,438,134,128,167,399,157,713,1280,223,128,1027,128
382,442,134,128,168,403,160,720,1280,223,128,1027,128
383,438,134,128,167,399,157,713,1280,223,128,1027,128
384,446,131,128,163,399,153,727,1280,211,128,1007,128
385,446,131,128,163,399,153,713,1280,223,128,1027,128
386,437,129,128,158,399,150,713,1267,227,128,1017,128
387,446,131,128,163,399,150,713,1280,223,128,1027,128
388,455,133,130,163,391,153,713,1280,211,128,1048,129
389,446,131,128,163,391,150,713,1280,211,128,1048,128
390,442,134,130,155,402,149,699,1280,203,128,1058,128
391,446,131,130,163,391,149,699,1280,203,128,1058,128
392,433,130,128,167,399,146,713,1267,193,128,1069,128
393,446,131,128,163,391,146,699,1280,203,128,1058,128
394,464,131,128,165,395,146,685,1267,195,128,1037,128
395,464,131,128,165,391,146,699,1280,203,128,1058,128
396,464,128,131,170,399,149,685,1254,201,128,1058,128
397,464,128,131,170,391,149,699,1280,203,128,1058,128
398,464,130,133,170,375,147,678,1267,189,128,1005,128
399,464,130,133,170,391,147,699,1280,203,128,1058,128
400,474,130,135,168,375,150,706,1254,209,128,1037,128
401,474,130,135,168,391,150,699,1280,203,128,1058,128
402,469,133,131,167,379,152,699,1280,207,128,1016,128
403,469,133,131,167,391,152,699,1280,203,128,1058,128
404,469,134,130,158,402,150,692,1280,203,128,1037,128
405,469,134,130,158,391,150,699,1280,203,128,1058,128
406,474,135,129,163,391,150,713,1267,193,128,1058,128
407,469,134,130,158,391,150,699,1280,203,128,1058,128
408,464,131,128,158,399,147,685,1280,195,128,1037,128
409,464,131,128,158,391,147,699,1280,203,128,1058,128
410,459,128,128,155,399,146,706,1280,205,128,1069,128
411,464,131,128,158,391,147,699,1280,203,128,1058,128
412,455,128,131,158,387,149,685,1254,197,128,1069,128
413,464,131,131,158,391,149,699,1280,203,128,1058,128
414,464,130,131,158,395,150,706,1280,197,128,1069,128
415,464,131,131,158,391,149,699,1280,203,128,1058,128
416,473,133,129,161,391,146,692,1254,205,128,1058,128
417,473,133,129,161,391,146,699,1280,203,128,1058,128
418,469,130,128,155,383,147,699,1280,201,128,1037,129
419,469,130,128,155,391,147,699,1280,203,128,1058,129
420,478,128,128,156,387,150,713,1280,207,128,1058,129
421,469,130,128,155,391,147,699,1280,203,128,1058,129
422,464,134,130,153,399,150,685,1241,203,129,1037,128
423,464,134,130,153,391,150,699,1280,203,129,1058,128
424,459,135,128,149,399,150,692,1280,205,128,1069,128
425,464,134,130,153,399,150,692,1280,205,129,1069,128
426,459,128,134,158,403,153,712,1267,203,130,1037,128
427,459,128,134,158,399,153,692,1280,205,130,1069,128
428,459,131,131,153,387,152,657,1280,197,131,1037,128
429,459,128,131,158,399,152,692,1280,205,131,1069,128
430,455,128,131,153,399,152,685,1280,203,128,1101,128
431,459,128,131,158,399,152,692,1280,205,131,1069,128
432,455,131,128,156,406,152,678,1280,205,128,1047,128
433,455,131,128,156,399,152,692,1280,205,128,1069,128
434,455,129,128,155,395,153,671,1280,199,128,1058,128
435,455,131,128,156,399,153,692,1280,205,128,1069,128
436,450,131,130,150,403,155,664,1280,207,128,1047,128
437,455,131,130,156,399,155,692,1280,205,128,1069,128
438,464,128,130,149,395,156,657,1280,191,128,1037,128
439,464,131,130,156,399,156,692,1280,205,128,1069,128
440,473,134,133,155,395,159,664,1280,193,128,1080,128
441,473,134,133,155,399,159,692,1280,205,128,1069,128
442,483,137,137,159,406,158,712,1254,203,128,1090,128
443,473,134,133,155,399,159,692,1280,205,128,1069,128
444,483,137,130,159,395,156,685,1267,191,128,1069,128
445,483,137,130,159,399,156,692,1280,205,128,1069,128
446,478,139,128,151,387,158,671,1267,211,128,1090,128
447,478,139,128,151,399,158,692,1280,205,128,1069,128
448,468,134,130,145,410,158,699,1254,191,128,1026,128
449,468,134,130,145,399,158,692,1280,205,128,1069,128
450,464,128,130,141,410,158,706,1254,199,128,1026,128
451,464,128,130,141,399,158,692,1280,205,128,1069,128
452,473,128,129,141,403,155,678,1267,197,128,1026,128
453,473,128,129,141,399,155,692,1280,205,128,1069,128
454,478,128,133,141,391,158,685,1280,193,128,1069,129
455,478,128,133,141,399,158,692,1280,205,128,1069,129
456,487,129,129,142,387,156,678,1280,211,128,1090,128
457,478,128,133,141,399,158,692,1280,205,128,1069,129
458,478,130,131,140,379,159,664,1280,193,128,1101,128
459,478,130,131,140,399,159,664,1280,205,128,1101,128
460,473,128,130,133,410,158,671,1280,199,128,1134,128
461,478,130,131,140,399,159,664,1280,205,128,1101,128
462,478,134,128,142,406,156,637,1280,197,128,1101,128
463,478,134,128,142,399,156,664,1280,205,128,1101,128
464,482,137,128,145,383,158,671,1280,199,128,1134,128
465,478,134,128,142,399,156,664,1280,205,128,1101,128
466,473,135,129,140,387,159,651,1280,199,128,1068,128
467,473,135,129,140,399,159,664,1280,205,128,1101,128
468,482,134,133,138,406,159,644,1280,205,128,1079,129
469,482,134,133,138,399,159,664,1280,205,128,1101,129
470,487,129,128,141,395,162,637,1267,207,128,1123,128
471,487,129,128,141,399,162,664,1280,205,128,1101,128
472,497,131,128,142,383,162,684,1280,203,128,1079,128
473,497,131,128,142,383,162,684,1280,203,128,1079,128
474,507,135,129,141,371,166,677,1280,209,128,1100,128
475,497,131,128,142,383,162,684,1280,203,128,1079,128
476,492,135,128,139,367,159,677,1280,207,128,1111,128
477,497,131,128,142,383,162,684,1280,203,128,1079,128
478,492,128,128,144,375,162,691,1280,201,129,1046,128
479,492,128,128,144,383,162,684,1280,203,129,1079,128
480,482,128,128,144,394,166,704,1254,207,130,1046,128
481,482,128,128,144,383,166,684,1280,203,130,1079,128
482,492,128,128,139,379,167,698,1280,195,129,1046,128
483,492,128,128,139,383,167,684,1280,203,129,1079,128
484,497,130,129,139,383,167,650,1280,189,130,1068,128
485,497,130,129,139,383,167,684,1280,203,130,1079,128
486,506,133,129,142,383,169,698,1267,191,128,1057,128
487,506,133,129,142,383,169,684,1280,203,128,1079,128
488,512,134,128,145,367,166,698,1280,193,128,1036,128
489,512,134,128,145,383,166,684,1280,203,128,1079,128
490,512,135,129,149,390,167,657,1280,205,128,1111,128
491,512,134,128,145,383,166,684,1280,203,128,1079,128
492,501,130,128,149,386,167,691,1267,191,128,1079,128
493,501,130,128,149,383,167,684,1280,203,128,1079,128
494,501,133,128,154,367,166,670,1280,197,128,1111,128
495,501,130,128,149,383,167,684,1280,203,128,1079,128
496,501,128,129,152,394,171,663,1254,201,128,1100,128
497,501,128,129,152,383,171,684,1280,203,128,1079,128
498,511,128,128,157,386,174,677,1267,195,128,1111,129
499,501,128,129,152,383,171,684,1280,203,128,1079,128
500,511,128,130,157,386,174,698,1254,203,128,1025,128
501,511,128,130,157,383,174,684,1280,203,128,1079,128
502,522,128,128,162,379,174,684,1280,201,128,1079,128
503,511,128,130,157,383,174,684,1280,203,128,1079,128
504,511,128,128,162,394,176,663,1280,193,128,1046,128
505,511,128,128,162,383,176,684,1280,203,128,1079,128
506,501,129,128,158,363,172,670,1280,197,128,1036,128
507,501,129,128,158,383,172,684,1280,203,128,1079,128
508,506,130,130,154,371,170,691,1254,209,128,1111,129
509,501,129,128,158,383,172,684,1280,203,128,1079,128
510,496,129,128,155,390,176,684,1280,203,128,1100,128
511,501,129,128,158,383,172,684,1280,203,128,1079,128
512,496,133,128,157,379,172,663,1280,203,128,1036,128
513,496,133,128,157,383,172,684,1280,203,128,1079,128
514,496,133,128,152,363,169,657,1267,195,128,1057,128
515,496,133,128,152,383,169,684,1280,203,128,1079,128
516,501,133,128,149,367,170,650,1280,199,128,1025,128
517,501,133,128,149,383,170,684,1280,203,128,1079,128
518,501,131,128,143,363,170,698,1267,205,128,1090,128
519,501,131,128,143,383,170,698,1267,203,128,1090,128
520,511,128,128,146,383,174,719,1279,205,128,1046,128
521,501,131,128,143,383,170,698,1267,203,128,1090,128
522,506,128,128,140,371,172,719,1280,193,128,1079,128
523,501,131,128,143,383,170,698,1267,203,128,1090,128
524,501,135,129,145,367,169,670,1241,193,128,1057,128
525,501,135,129,145,383,169,698,1267,203,128,1090,128
526,491,131,128,149,375,170,663,1279,203,128,1122,128
527,491,131,128,149,375,170,663,1279,203,128,1122,128
528,491,134,128,143,386,172,630,1280,191,128,1066,128
529,491,134,128,143,375,172,663,1279,203,128,1122,128
530,486,130,128,146,371,169,676,1279,189,128,1145,128
531,491,134,128,143,375,172,663,1279,203,128,1122,128
532,486,137,128,136,360,176,683,1280,199,128,1066,128
533,486,137,128,136,375,176,663,1279,203,128,1122,128
534,496,130,128,132,367,177,656,1280,193,128,1122,128
535,496,130,128,132,367,177,656,1280,193,128,1122,128
536,506,128,128,128,378,179,623,1280,179,129,1111,128
537,506,128,128,128,367,179,656,1280,193,129,1122,128
538,506,128,131,128,371,179,636,1280,181,128,1111,128
539,506,128,131,128,367,179,656,1280,193,128,1122,128
540,516,129,134,131,364,181,650,1280,195,128,1111,128
541,506,128,131,128,367,179,656,1280,193,128,1122,128
542,501,128,128,131,378,181,630,1267,185,129,1089,128
543,501,128,128,131,367,181,656,1280,193,129,1122,128
544,501,128,128,128,356,177,636,1280,179,128,1066,128
545,501,128,128,128,367,177,656,1280,193,128,1122,128
546,506,128,128,131,378,181,663,1254,199,128,1122,128
547,501,128,128,128,367,177,656,1280,193,128,1122,128
548,506,128,130,128,367,179,643,1280,193,128,1122,129
549,506,128,130,128,367,179,656,1280,193,128,1122,129
550,511,128,129,128,353,177,636,1254,199,128,1089,128
551,511,128,129,128,367,177,656,1280,193,128,1122,128
552,501,129,128,128,353,179,643,1267,181,128,1077,128
553,501,129,128,128,367,179,656,1280,193,128,1122,128
554,506,128,129,131,367,177,663,1280,193,128,1145,128
555,501,129,128,128,367,179,656,1280,193,128,1122,128
556,496,128,128,128,371,181,636,1267,191,128,1077,129
557,496,128,128,128,367,181,656,1280,193,128,1122,129
558,491,128,128,128,375,184,663,1267,195,128,1122,130
559,496,128,128,128,367,181,656,1280,193,128,1122,129
560,491,128,128,128,371,177,630,1280,191,128,1134,129
561,491,128,128,128,367,177,656,1280,193,128,1122,129
562,495,128,128,128,367,174,636,1280,193,128,1077,129
563,495,128,128,128,367,174,656,1280,193,128,1122,129
564,491,128,130,130,353,172,663,1280,193,128,1145,128
565,495,128,128,128,367,174,656,1280,193,128,1122,129
566,505,128,129,130,353,170,676,1254,179,128,1122,128
567,505,128,129,130,367,170,656,1280,193,128,1122,128
568,516,128,128,128,371,167,663,1280,179,128,1066,128
569,516,128,128,128,367,167,656,1280,193,128,1122,128
570,505,128,128,128,356,168,669,1280,189,128,1134,128
571,516,128,128,128,367,167,656,1280,193,128,1122,128
572,505,128,128,129,349,170,656,1280,183,128,1145,128
573,505,128,128,129,349,170,656,1280,183,128,1145,128
574,510,128,128,131,356,170,623,1254,172,128,1110,128
575,510,128,128,131,349,170,656,1280,183,128,1145,128
576,500,131,129,128,335,168,656,1280,185,128,1145,128
577,500,131,129,128,335,168,656,1280,185,128,1145,128
578,510,129,128,128,338,172,656,1280,187,128,1088,128
579,510,129,128,128,335,172,656,1280,185,128,1145,128
580,515,130,128,130,345,168,630,1280,177,128,1099,128
581,515,130,128,130,335,168,656,1280,185,128,1145,128
582,525,134,128,130,325,172,663,1280,189,128,1099,128
583,525,134,128,130,335,172,656,1280,185,128,1145,128
584,525,129,129,128,335,170,676,1267,190,128,1110,128
585,525,129,129,128,335,170,656,1280,185,128,1145,128
586,536,128,129,128,328,167,636,1280,172,128,1168,128
587,536,128,129,128,328,167,636,1280,172,128,1168,128
588,531,131,128,128,325,170,630,1280,170,128,1156,128
589,531,131,128,128,328,170,636,1280,172,128,1168,128
590,536,130,129,128,322,167,630,1280,160,128,1144,128
591,536,131,128,128,328,167,636,1280,172,128,1168,128
592,525,133,128,129,318,163,655,1280,165,128,1191,128
593,536,131,128,128,328,167,636,1280,172,128,1168,128
594,525,128,128,128,325,167,630,1280,168,128,1168,128
595,525,128,128,128,328,167,636,1280,172,128,1168,128
596,530,128,128,128,338,163,611,1267,172,128,1179,129
597,530,128,128,128,328,163,636,1280,172,128,1168,129
598,541,128,128,128,332,165,655,1280,162,128,1121,128
599,541,128,128,128,328,165,636,1280,172,128,1168,128
600,541,131,128,128,315,163,649,1280,163,128,1156,128
601,541,128,128,128,328,165,636,1280,172,128,1168,128
602,536,129,128,128,332,162,624,1280,172,128,1156,128
603,536,129,128,128,328,162,636,1280,172,128,1168,128
604,525,128,128,128,322,160,624,1254,177,128,1203,128
605,525,129,128,128,328,162,636,1280,172,128,1168,128
606,535,129,130,128,332,158,630,1280,163,128,1191,128
607,525,129,128,128,328,162,636,1280,172,128,1168,128
608,514,128,130,129,335,165,655,1280,160,128,1191,128
609,525,129,128,128,328,162,636,1280,172,128,1168,128
610,530,128,129,128,338,160,655,1280,174,128,1203,129
611,525,129,128,128,328,162,636,1280,172,128,1168,128
612,520,130,130,128,312,165,655,1254,170,128,1121,128
613,520,129,128,128,328,162,636,1280,172,128,1168,128
614,530,130,128,130,335,158,655,1280,170,128,1144,128
615,520,129,128,128,328,162,636,1280,172,128,1168,128
616,525,131,128,128,322,166,611,1280,174,128,1191,128
617,520,129,128,128,328,162,636,1280,172,128,1168,128
618,509,128,130,131,328,165,611,1280,174,128,1121,128
619,509,129,130,131,328,165,636,1280,172,128,1168,128
620,520,133,128,131,325,163,649,1280,165,128,1144,128
621,520,129,130,131,328,163,636,1280,172,128,1168,128
622,530,128,128,128,332,161,611,1280,165,128,1156,128
623,530,128,128,128,328,161,636,1280,172,128,1168,128
624,535,128,128,130,322,158,655,1267,165,128,1144,128
625,535,128,128,130,328,161,636,1280,172,128,1168,128
626,530,128,129,129,338,158,655,1280,168,128,1121,128
627,530,128,129,129,328,158,636,1280,172,128,1168,128
628,530,130,129,128,328,160,617,1267,163,128,1121,128
629,530,128,129,128,328,158,636,1280,172,128,1168,128
630,530,128,128,128,325,153,617,1267,174,128,1156,128
631,530,128,129,128,328,158,636,1280,172,128,1168,128
632,535,130,128,129,335,166,649,1280,172,128,1203,128
633,530,128,129,128,328,158,636,1280,172,128,1168,128
634,525,128,129,128,335,160,649,1254,177,128,1168,129
635,525,128,129,128,328,160,636,1280,172,128,1168,129
636,525,129,128,128,322,166,655,1280,175,128,1121,128
637,525,129,128,128,328,166,636,1280,172,128,1168,128
638,519,131,130,129,338,165,605,1280,165,128,1168,128
639,519,131,130,129,328,165,636,1280,172,128,1168,128
640,524,131,134,128,332,165,624,1267,168,128,1121,129
641,524,131,134,128,328,165,636,1280,172,128,1168,129
642,514,134,128,128,325,163,617,1280,162,129,1144,128
643,514,131,134,128,328,165,636,1280,172,129,1168,128
644,504,133,128,128,312,163,655,1280,174,128,1191,128
645,514,131,134,128,328,165,636,1280,172,129,1168,128
646,519,131,131,130,318,163,617,1280,167,128,1179,128
647,519,131,134,130,328,165,636,1280,172,128,1168,128
648,514,131,135,128,318,168,605,1280,165,128,1133,128
649,514,131,134,130,328,165,636,1280,172,128,1168,128
650,509,133,135,129,312,166,630,1280,163,128,1133,128
651,514,131,134,130,328,165,636,1280,172,128,1168,128
652,514,129,128,133,315,168,636,1254,163,128,1179,128
653,514,131,134,133,328,165,636,1280,172,128,1168,128
654,524,128,137,128,322,165,617,1280,165,128,1203,128
655,514,131,134,133,328,165,636,1280,172,128,1168,128
656,519,128,138,128,332,163,617,1280,162,128,1144,128
657,519,128,138,128,328,163,636,1280,172,128,1168,128
658,514,128,138,129,318,165,636,1254,167,128,1168,129
659,514,128,138,129,328,163,636,1280,172,128,1168,129
660,524,130,134,131,325,161,636,1280,174,129,1121,128
661,524,130,134,131,328,161,636,1280,172,129,1168,128
662,529,128,138,134,315,161,630,1280,162,128,1121,128
663,529,130,134,134,328,161,636,1280,172,128,1168,128
664,519,130,130,130,315,160,636,1280,174,128,1133,128
665,519,130,134,130,328,161,636,1280,172,128,1168,128
666,519,134,134,128,318,163,605,1280,162,128,1156,128
667,519,130,134,128,328,161,636,1280,172,128,1168,128
668,529,129,130,128,312,158,611,1280,170,128,1121,128
669,529,130,134,128,328,161,636,1280,172,128,1168,128
670,540,130,128,128,312,160,624,1267,168,128,1156,128
671,540,130,134,128,328,161,636,1280,172,128,1168,128
672,545,128,130,128,325,160,624,1267,172,128,1109,128
673,545,130,134,128,328,161,636,1280,172,128,1168,128
674,556,129,130,128,322,161,636,1280,168,128,1191,128
675,545,130,134,128,328,161,636,1280,172,128,1168,128
676,545,128,131,128,325,160,655,1254,174,128,1191,128
677,545,130,134,128,328,161,636,1280,172,128,1168,128
678,540,133,133,128,322,163,605,1280,174,128,1203,128
679,540,133,133,128,322,163,605,1280,174,128,1203,128
680,540,134,128,128,331,160,580,1280,161,128,1167,128
681,540,134,128,128,322,160,605,1280,174,128,1203,128
682,529,134,130,129,325,163,586,1254,170,128,1227,128
683,529,134,128,129,322,160,605,1280,174,128,1203,128
684,524,137,128,133,315,155,580,1280,172,128,1143,128
685,524,134,128,133,322,160,605,1280,174,128,1203,128
686,513,135,128,128,315,164,586,1280,175,128,1167,128
687,524,134,128,133,322,160,605,1280,174,128,1203,128
688,534,133,130,131,322,155,586,1267,175,128,1203,128
689,534,134,128,131,322,160,605,1280,174,128,1203,128
690,539,131,129,128,328,160,611,1280,167,128,1179,128
691,539,131,129,128,322,160,605,1280,174,128,1203,128
692,539,130,128,131,328,156,574,1280,175,128,1191,128
693,539,131,129,131,322,156,605,1280,174,128,1203,128
694,550,130,128,128,328,156,580,1280,172,128,1179,128
695,550,130,128,128,322,156,605,1280,174,128,1203,128
696,561,129,130,128,315,153,574,1280,167,128,1203,128
697,561,130,128,128,322,156,605,1280,174,128,1203,128
698,567,128,128,128,325,152,605,1267,170,129,1227,128
699,561,130,128,128,322,156,605,1280,174,128,1203,128
700,556,131,128,128,325,163,592,1280,179,129,1227,128
701,561,131,128,128,325,163,605,1280,179,128,1203,128
702,561,128,128,128,331,166,617,1280,182,129,1227,128
703,561,131,128,128,325,163,605,1280,179,128,1203,128
704,567,129,128,128,335,166,611,1280,182,128,1167,128
705,567,129,128,128,325,166,605,1280,179,128,1203,128
706,567,133,128,128,331,169,617,1280,166,128,1239,128
707,567,129,128,128,325,166,605,1280,179,128,1203,128
708,573,129,128,128,322,163,611,1280,172,128,1167,128
709,573,129,128,128,325,163,605,1280,179,128,1203,128
710,567,128,130,129,318,159,605,1267,177,128,1167,128
711,567,129,128,129,325,163,605,1280,179,128,1203,128
712,567,128,128,128,331,163,586,1280,179,128,1215,128
713,567,128,128,128,331,163,586,1280,179,128,1215,128
714,556,128,128,128,325,166,575,1280,175,128,1239,128
715,556,128,128,128,325,166,575,1280,175,128,1239,128
716,561,128,128,130,335,163,552,1280,175,128,1227,128
717,561,128,128,130,325,163,575,1280,175,128,1239,128
718,572,128,131,133,315,161,575,1254,179,128,1264,128
719,561,128,128,130,325,163,575,1280,175,128,1239,128
720,572,128,128,134,318,164,580,1280,170,128,1214,128
721,572,128,128,134,318,164,580,1280,175,128,1214,128
722,567,128,128,135,321,166,563,1280,172,128,1154,128
723,567,128,128,135,318,166,580,1280,175,128,1214,128
724,572,128,128,135,321,169,575,1254,172,128,1239,128
725,567,128,128,135,318,166,580,1280,175,128,1214,128
726,561,128,128,133,309,164,586,1280,177,128,1154,128
727,561,128,128,133,318,166,580,1280,175,128,1214,128
728,555,130,128,128,315,166,592,1280,166,128,1202,128
729,555,128,128,128,318,166,580,1280,175,128,1214,128
730,544,130,130,130,315,164,569,1241,168,128,1226,128
731,544,128,128,130,318,166,580,1280,175,128,1214,128
732,555,128,128,130,325,174,575,1280,177,128,1214,128
733,544,128,128,130,325,166,580,1280,177,128,1214,128
734,539,128,128,130,315,163,580,1280,175,128,1226,128
735,539,128,128,130,325,166,580,1280,177,128,1226,128
736,533,130,128,134,315,164,557,1280,165,128,1165,128
737,533,128,128,134,325,166,580,1280,177,128,1226,128
738,523,128,128,131,334,169,580,1280,177,128,1239,128
739,533,128,128,134,325,166,580,1280,177,128,1226,128
740,523,128,128,130,308,163,598,1280,172,128,1165,128
741,523,128,128,130,325,166,580,1280,177,128,1226,128
742,528,128,128,129,312,163,551,1280,168,128,1177,128
743,528,128,128,129,325,166,580,1280,177,128,1226,128
744,533,131,131,128,321,169,592,1254,177,128,1177,128
745,533,128,128,128,325,169,580,1280,177,128,1226,128
746,522,128,131,128,308,171,557,1280,177,129,1263,128
747,522,128,128,128,325,169,557,1280,177,129,1263,128
748,528,128,128,131,331,169,552,1267,168,128,1200,128
749,528,128,128,131,325,169,557,1280,177,128,1263,128
750,538,130,131,133,315,173,557,1267,182,128,1276,128
751,528,128,128,131,325,169,557,1280,177,128,1263,128
752,533,129,128,134,315,169,546,1280,179,128,1200,128
753,533,128,128,134,325,169,557,1280,177,128,1263,128
754,528,128,128,131,315,166,535,1280,177,128,1213,128
755,528,128,128,131,325,169,557,1280,177,128,1263,128
756,522,128,128,130,318,166,546,1280,173,128,1213,128
757,522,128,128,130,325,169,557,1280,177,128,1263,128
758,517,129,128,130,312,173,535,1280,177,129,1280,128
759,522,128,128,130,325,169,535,1280,177,129,1280,128
760,533,131,128,128,331,169,513,1267,165,128,1280,128
761,533,131,128,128,325,169,535,1280,177,128,1280,128
762,544,128,129,128,321,173,519,1267,182,129,1280,128
763,544,128,129,128,325,173,535,1280,177,129,1280,128
764,544,128,128,128,331,169,519,1267,170,128,1241,128
765,544,128,128,128,325,169,535,1280,177,128,1280,128
766,533,131,128,128,315,172,546,1267,182,128,1280,128
767,533,131,128,128,315,172,546,1267,182,128,1280,128
768,527,130,130,128,321,176,546,1267,188,128,1280,128
769,533,131,128,128,315,172,546,1267,182,128,1280,128
770,533,129,128,128,318,179,551,1241,188,128,1280,128
771,533,129,128,128,315,179,546,1267,182,128,1280,128
772,538,131,128,128,305,176,540,1241,184,128,1280,128
773,538,129,128,128,315,179,546,1267,182,128,1280,128
774,527,129,128,131,312,183,518,1267,182,128,1280,128
775,527,129,128,131,315,183,546,1267,182,128,1280,128
776,532,128,129,133,309,179,529,1254,175,128,1267,128
777,532,129,128,133,315,183,546,1267,182,128,1280,128
778,527,131,128,129,321,185,556,1254,186,128,1241,128
779,527,131,128,129,315,185,546,1267,182,128,1280,128
780,517,128,128,133,315,187,562,1280,184,128,1216,128
781,517,128,128,133,315,187,546,1267,182,128,1280,128
782,506,128,129,134,321,187,556,1267,186,128,1280,128
783,517,128,128,133,315,187,546,1267,182,128,1280,128
784,522,128,130,133,321,187,540,1280,188,128,1267,128
785,517,128,128,133,315,187,546,1267,182,128,1280,128
786,517,129,130,131,309,185,529,1267,175,129,1228,128
787,517,128,130,133,315,185,546,1267,182,129,1280,128
788,537,129,133,135,312,185,562,1254,170,129,1241,128
789,537,129,133,135,315,185,546,1267,182,129,1280,128
790,543,128,129,132,309,189,529,1267,177,128,1254,128
791,543,128,129,132,315,189,546,1267,182,128,1280,128
792,537,129,128,135,321,192,562,1280,175,128,1216,128
793,537,129,128,135,315,192,546,1280,182,128,1280,128
794,537,128,128,134,312,192,529,1267,177,128,1254,128
795,537,128,128,134,315,192,546,1280,182,128,1280,128
796,532,129,128,134,299,188,551,1280,177,128,1241,128
797,532,129,128,134,299,188,551,1280,177,128,1241,128
798,532,128,128,138,302,187,540,1280,170,128,1254,128
799,532,129,128,138,299,188,540,1280,177,128,1254,128
800,537,131,128,136,296,188,529,1267,172,129,1228,128
