Step,Sensor1,Sensor3,Sensor4,Sensor5,Sensor7,Sensor9,Sensor10,Sensor12
0,194,152,262,354,276,205,204,156
1,192,150,261,351,273,204,204,161
2,203,159,285,375,294,219,212,168
3,206,163,285,377,294,217,210,167
4,223,163,299,393,303,223,222,169
5,218,163,300,387,300,221,219,172
6,229,170,319,414,327,231,228,181
7,232,171,316,409,324,236,233,181
8,237,179,336,433,338,246,242,186
9,236,183,335,430,335,247,241,186
10,253,196,351,454,350,259,251,196
11,256,191,351,455,357,259,255,197
12,270,205,371,482,378,276,272,205
13,275,202,371,482,380,273,277,206
14,290,215,401,517,410,290,292,220
15,283,211,388,506,412,289,292,217
16,295,223,406,536,423,300,303,227
17,289,221,396,530,420,300,303,228
18,305,231,415,555,436,313,321,233
19,296,235,404,548,433,314,316,229
20,302,236,416,565,451,322,321,244
21,291,235,408,550,445,320,323,244
22,309,240,428,580,459,330,332,248
23,295,230,408,558,454,330,333,240
24,309,237,425,576,477,345,348,259
25,307,237,422,575,474,352,350,253
26,310,241,443,604,512,359,371,268
27,307,241,425,582,510,357,369,269
28,310,245,441,615,523,380,386,284
29,306,236,440,587,520,379,381,285
30,314,253,446,623,541,397,400,292
31,316,253,441,610,540,394,396,290
32,312,264,444,629,552,414,413,303
33,317,266,448,633,557,416,410,306
34,319,267,452,639,558,418,418,309
35,318,265,450,634,558,414,409,305
36,321,273,458,654,588,430,439,314
37,318,270,452,641,571,428,437,310
38,321,275,462,658,605,444,459,330
39,322,272,458,646,582,445,443,326
40,318,272,459,654,609,458,467,337
41,321,271,458,649,586,461,444,337
42,333,289,474,682,625,491,478,357
43,325,278,467,662,594,485,450,352
44,338,288,476,683,628,500,474,363
45,329,280,465,662,595,490,453,356
46,335,288,477,678,611,495,465,364
47,333,280,467,666,597,496,459,354
48,331,285,468,675,618,502,473,362
49,324,278,468,664,599,496,458,362
50,330,295,475,696,632,534,483,386
51,337,283,467,675,611,523,463,378
52,336,295,478,699,605,527,461,378
53,325,285,471,677,608,525,464,378
54,333,285,479,682,619,529,464,385
55,334,284,468,674,614,534,470,386
56,335,302,479,711,641,574,488,411
57,330,292,474,685,625,567,478,409
58,340,301,494,723,641,595,490,427
59,339,295,480,693,629,587,484,423
60,337,290,486,695,640,591,489,426
61,336,288,479,693,634,585,481,422
62,347,309,495,733,649,607,502,437
63,335,293,483,693,632,595,488,432
64,336,294,486,703,643,593,496,436
65,334,291,477,693,632,592,486,431
66,341,303,492,714,645,606,499,444
67,337,292,481,698,628,602,487,443
68,337,294,485,705,653,606,503,445
69,337,291,485,692,637,599,488,436
70,346,304,497,722,652,611,500,449
71,338,290,486,693,631,604,494,443
72,333,300,488,708,645,603,501,450
73,336,294,483,693,636,604,493,446
74,340,298,496,721,648,616,500,453
75,335,295,483,700,637,607,491,451
76,348,304,492,728,652,622,505,461
77,338,292,488,704,638,614,492,456
78,339,297,494,720,647,623,499,468
79,338,293,488,701,643,619,492,467
80,343,304,500,720,664,644,518,485
81,340,295,490,706,643,632,497,475
82,346,306,490,720,646,629,498,475
83,339,295,481,704,643,631,498,478
84,347,306,499,730,657,645,507,487
85,339,294,484,703,644,634,500,483
86,343,298,488,720,641,638,493,488
87,340,296,488,707,648,639,501,486
88,344,304,497,734,647,641,499,487
89,343,297,488,702,644,636,504,486
90,344,306,498,738,656,655,510,501
91,340,289,486,710,643,647,505,497
92,342,308,494,735,655,651,507,492
93,341,298,488,708,645,644,502,495
94,351,313,498,743,664,660,512,509
95,339,297,492,709,653,654,503,506
96,346,299,493,715,638,654,497,506
97,337,294,486,705,645,653,495,505
98,347,309,496,736,655,665,515,515
99,337,294,489,710,643,660,499,510
100,343,305,491,730,632,666,490,510
101,339,295,484,707,632,654,491,509
102,345,310,493,726,640,660,501,513
103,335,291,488,704,630,658,491,508
104,340,303,492,722,640,669,502,520
105,339,296,485,709,635,662,494,514
106,338,297,481,711,637,675,501,534
107,335,296,485,711,641,676,507,537
108,332,298,479,717,636,684,501,541
109,330,290,478,713,629,679,497,540
110,328,298,473,717,650,692,499,552
111,324,299,473,709,635,688,503,546
112,327,300,475,714,626,689,496,553
113,327,294,472,713,631,687,494,553
114,334,310,479,736,645,712,507,569
115,327,301,472,713,630,697,496,559
116,336,313,482,741,648,709,512,567
117,327,301,471,712,626,697,500,560
118,328,306,479,732,630,704,501,564
119,321,300,470,710,631,696,502,563
120,327,312,471,736,636,710,496,567
121,325,302,472,713,634,698,500,562
122,332,319,489,752,645,711,507,569
123,324,302,471,710,632,697,498,561
124,321,296,468,713,638,701,504,565
125,328,302,471,710,632,697,497,559
126,328,302,475,728,633,706,507,569
127,329,301,467,711,629,694,497,563
128,333,308,479,733,640,696,501,561
129,325,299,467,713,633,696,498,558
130,329,305,478,726,639,707,503,566
131,327,303,469,713,629,694,493,556
132,336,306,483,745,642,712,505,568
133,327,301,472,711,631,693,500,555
134,327,303,475,716,628,698,493,561
135,326,299,471,714,626,703,495,564
136,325,311,473,727,641,704,500,564
137,325,298,471,716,627,701,492,563
138,333,313,479,733,642,705,504,564
139,323,299,472,710,629,696,496,566
140,324,306,475,719,636,704,503,570
141,324,302,470,713,629,700,495,562
142,329,305,483,730,635,701,499,566
143,325,302,472,709,629,701,496,563
144,335,308,481,726,629,703,493,564
145,323,296,471,715,625,701,495,568
146,331,308,478,735,630,705,498,563
147,324,301,472,713,627,701,496,561
148,329,312,478,737,629,702,493,561
149,328,300,471,713,624,701,493,557
150,327,306,468,728,644,709,506,573
151,325,303,473,712,628,698,494,566
152,326,303,475,731,638,707,501,563
153,325,299,472,709,627,702,494,563
154,335,305,480,721,641,707,504,569
155,326,299,471,713,629,698,496,562
156,327,309,471,727,630,701,497,559
157,328,302,472,713,627,697,487,564
158,326,304,474,723,632,697,491,558
159,323,299,473,713,626,698,495,559
160,332,307,477,730,645,711,504,568
161,322,303,475,715,629,699,494,562
162,333,314,480,729,632,707,495,562
163,329,300,478,712,627,698,493,562
164,332,315,482,743,639,706,500,562
165,324,298,473,713,632,695,490,564
166,330,308,479,735,645,709,497,571
167,326,303,470,712,625,702,490,562
168,328,307,471,725,641,703,506,562
169,328,300,471,713,627,699,495,561
170,333,304,478,724,633,702,494,567
171,325,303,473,712,627,700,491,561
172,326,301,475,728,645,709,511,569
173,325,303,468,709,631,702,495,560
174,328,306,474,731,649,711,512,569
175,324,301,473,714,629,697,492,562
176,331,307,480,725,634,704,499,570
177,326,296,470,713,624,695,495,561
178,328,305,473,727,635,698,499,562
179,325,294,473,713,630,699,493,561
180,321,303,469,717,633,699,499,561
181,322,299,467,708,629,700,493,560
182,326,303,467,721,637,702,495,565
183,321,297,467,709,626,700,490,563
184,324,309,475,728,649,709,504,568
185,325,302,464,712,623,699,491,563
186,324,299,470,714,642,698,503,566
187,328,298,467,710,629,706,491,562
188,324,312,468,730,632,709,499,569
189,319,299,465,709,626,701,496,563
190,329,303,470,718,634,706,506,565
191,326,300,466,714,626,698,492,564
192,329,311,473,735,640,711,504,569
193,320,299,466,711,625,704,497,560
194,323,306,471,723,635,704,501,560
195,326,298,469,711,623,707,494,561
196,323,308,462,729,627,703,488,566
197,325,298,470,712,631,696,491,560
198,333,307,481,737,649,710,505,569
199,320,296,469,711,631,700,492,562
200,328,308,476,736,635,702,494,565
201,325,297,469,710,631,701,494,563
202,327,305,469,729,638,705,502,565
203,324,301,469,710,624,704,494,564
204,326,306,473,727,644,708,506,566
205,323,301,466,712,630,698,491,565
206,323,304,476,737,634,702,497,565
207,322,300,467,708,630,696,494,560
208,328,310,470,736,639,706,499,567
209,324,297,467,716,624,703,490,558
210,327,303,471,722,634,697,494,561
211,323,298,464,712,628,699,495,563
212,322,308,466,716,633,701,499,561
213,327,299,469,718,627,703,491,559
214,331,312,476,734,643,710,509,569
215,321,308,470,721,632,707,496,562
216,325,312,466,732,633,708,504,566
217,323,305,468,722,627,702,494,565
218,328,321,476,753,642,711,505,568
219,323,304,465,720,627,701,492,564
220,329,321,476,746,639,713,498,571
221,319,303,471,719,625,702,494,563
222,329,319,475,733,630,701,501,560
223,325,305,469,721,630,698,493,563
224,328,316,472,740,632,706,495,566
225,324,306,470,722,632,701,494,559
226,329,322,471,749,631,710,497,567
227,322,310,469,723,630,703,493,565
228,327,309,474,728,637,703,500,562
229,325,308,474,724,628,699,493,562
230,335,326,478,745,631,707,494,567
231,324,304,467,723,629,704,494,563
232,325,321,467,750,641,712,505,565
233,324,306,467,723,628,701,495,567
234,328,319,472,738,635,707,499,566
235,326,309,466,719,630,700,494,566
236,328,316,478,745,639,712,498,567
237,329,309,469,722,627,701,496,563
238,333,319,485,743,650,713,512,572
239,325,308,468,720,629,704,494,564
240,330,316,473,740,641,710,503,569
241,329,306,469,724,630,702,493,562
242,329,316,470,743,634,705,506,564
243,325,311,470,720,624,708,496,565
244,330,313,476,747,644,711,501,567
245,328,308,470,722,633,703,495,561
246,324,317,469,734,626,704,491,560
247,326,310,469,721,631,701,493,566
248,328,318,473,735,637,704,498,564
249,328,311,465,720,627,704,494,563
250,329,317,475,736,647,710,507,570
251,325,310,467,722,628,700,489,561
252,325,315,473,739,639,703,505,564
253,322,308,471,721,633,700,492,564
254,332,312,478,740,645,710,505,570
255,326,304,467,722,630,704,495,565
256,330,314,472,735,634,710,494,564
257,324,308,472,722,630,702,493,564
258,329,315,476,740,631,714,494,566
259,327,310,470,723,632,705,492,566
260,329,321,478,751,634,714,498,567
261,325,309,471,726,632,700,489,567
262,321,322,471,736,637,708,497,565
263,325,308,474,723,629,706,495,562
264,331,320,476,742,641,713,503,569
265,328,311,472,722,626,703,492,563
266,336,320,484,752,641,710,507,570
267,325,314,472,724,629,703,494,561
268,331,316,476,738,634,708,498,567
269,328,310,470,726,629,706,491,563
270,333,323,481,751,646,711,505,566
271,325,309,471,725,625,705,490,564
272,324,323,475,743,648,713,506,576
273,324,309,469,723,629,704,495,562
274,329,316,475,740,649,710,502,567
275,325,309,472,724,631,704,492,564
276,323,318,471,731,629,705,499,571
277,326,312,471,723,631,711,501,569
278,324,324,468,744,632,713,500,568
279,325,313,473,724,634,708,496,567
280,324,316,471,732,640,712,498,573
281,326,315,473,728,635,709,495,564
282,332,316,476,743,631,704,487,561
283,325,314,478,726,632,703,498,569
284,327,318,470,738,624,707,491,568
285,318,312,466,722,621,704,484,563
286,324,317,472,743,643,711,501,567
287,321,310,467,726,620,708,486,566
288,330,327,480,757,650,719,509,574
289,323,311,466,721,623,705,486,561
290,318,320,464,734,632,708,497,562
291,322,311,463,724,626,703,488,563
292,325,323,470,743,638,716,506,573
293,323,310,465,723,623,705,486,560
294,320,320,464,740,631,717,496,565
295,322,308,465,726,623,705,483,563
296,324,328,473,752,634,716,499,572
297,323,312,463,724,621,706,487,567
298,320,319,466,739,641,714,505,571
299,321,317,463,724,626,702,490,564
300,330,316,477,741,627,712,490,567
301,319,311,465,724,621,703,490,566
302,333,325,481,760,641,715,501,573
303,321,310,464,724,622,708,488,564
304,332,329,483,760,648,717,507,575
305,323,314,463,724,621,703,486,564
306,320,315,464,733,635,713,500,571
307,324,311,464,721,624,707,490,567
308,325,320,467,744,625,709,490,568
309,318,311,468,726,624,707,487,564
310,327,322,470,745,629,712,494,567
311,322,313,465,724,622,706,489,566
312,327,332,478,754,635,716,492,567
313,320,312,468,721,622,703,484,565
314,325,320,470,748,633,713,493,569
315,317,309,467,722,625,704,493,563
316,326,326,476,754,633,713,499,570
317,323,311,466,725,621,705,491,566
318,331,325,476,753,632,710,489,569
319,322,312,466,722,623,702,483,560
320,327,325,472,752,622,707,490,565
321,323,311,465,727,624,707,488,566
322,325,318,471,745,633,709,497,568
323,319,310,463,724,622,708,491,566
324,329,322,475,737,632,709,499,570
325,322,309,467,725,622,710,483,567
326,331,323,476,752,632,711,497,569
327,318,314,468,726,623,708,490,564
328,328,322,473,743,620,709,486,562
329,327,311,469,723,621,707,491,565
330,321,326,468,759,629,711,494,565
331,321,314,467,727,622,709,491,561
332,324,308,471,739,633,711,494,568
333,322,311,466,728,622,706,491,563
334,325,320,468,746,623,709,490,565
335,320,308,467,725,627,708,490,565
336,327,323,475,742,633,705,498,566
337,324,312,468,724,618,704,488,566
338,325,318,470,731,635,706,493,561
339,328,310,467,721,621,706,489,564
340,322,316,472,748,633,718,501,573
341,320,313,464,723,622,705,493,563
342,324,324,475,743,627,710,494,569
343,322,310,468,722,623,705,487,568
344,329,320,482,751,645,715,510,573
345,321,311,469,721,622,704,492,567
346,323,324,467,744,629,709,497,566
347,321,312,462,722,622,709,486,563
348,327,319,474,748,633,708,495,567
349,328,315,467,724,624,704,485,565
350,325,317,474,741,639,710,493,569
351,320,311,466,721,622,709,490,566
352,320,309,463,726,626,703,490,567
353,317,314,465,724,624,703,487,562
354,323,317,472,741,635,713,495,567
355,319,313,466,720,624,709,490,567
356,332,324,479,753,633,713,500,570
357,320,311,467,723,621,706,491,563
358,325,319,469,738,629,712,499,568
359,323,312,465,726,622,705,488,568
360,324,318,471,744,643,714,507,576
361,321,316,465,724,621,707,487,564
362,321,326,468,748,637,705,499,566
363,322,312,466,725,620,704,489,563
364,318,311,468,730,629,705,492,566
365,321,311,463,722,621,704,490,562
366,326,321,469,738,625,710,488,564
367,323,313,467,723,623,703,489,562
368,328,312,480,741,637,716,505,570
369,324,313,467,724,620,705,492,563
370,315,322,458,729,627,711,495,567
371,316,317,457,719,623,704,491,567
372,320,323,470,740,634,713,497,571
373,316,316,459,723,622,705,484,566
374,318,331,462,745,627,714,487,568
375,318,311,458,724,619,705,491,563
376,328,321,465,742,634,708,499,570
377,318,312,458,721,622,704,489,567
378,315,320,459,743,630,709,491,565
379,318,315,457,723,621,706,491,564
380,330,337,477,763,644,718,502,573
381,315,309,458,722,621,710,485,565
382,325,328,464,749,643,716,503,574
383,319,309,456,717,621,707,489,567
384,320,322,464,747,625,708,486,569
385,316,312,457,726,620,705,485,567
386,319,322,465,748,629,709,493,567
387,312,311,458,721,623,706,487,565
388,320,325,470,753,632,716,494,572
389,317,313,458,721,624,700,488,567
390,321,326,471,757,633,716,499,569
391,319,316,459,723,621,708,493,562
392,323,330,474,753,631,712,493,568
393,321,315,461,724,620,707,490,565
394,320,321,459,737,633,711,499,565
395,316,312,457,722,619,703,488,565
396,322,320,466,745,642,712,507,567
397,316,312,458,725,621,708,489,568
398,320,330,469,754,627,712,489,574
399,314,311,456,727,621,708,484,566
400,317,321,461,739,636,710,502,566
401,314,315,458,726,623,705,489,563
402,323,324,466,742,627,712,493,571
403,316,315,461,724,618,706,491,564
404,320,321,465,743,642,713,498,568
405,317,312,458,724,618,707,491,564
406,319,325,461,742,623,711,490,566
407,318,314,460,723,620,703,491,560
408,323,325,472,746,625,717,491,570
409,316,316,461,725,626,707,489,564
410,314,319,469,748,642,717,507,572
411,318,314,455,727,617,708,487,564
412,321,327,460,745,625,713,488,567
413,316,311,463,725,618,709,493,566
414,320,326,461,743,640,717,506,571
415,320,315,461,724,619,708,483,569
416,322,323,466,742,638,717,503,569
417,318,312,459,722,619,710,489,565
418,319,317,466,733,634,709,492,569
419,319,313,459,724,620,710,488,565
420,330,333,471,764,640,718,508,571
421,316,314,461,727,621,704,486,565
422,321,324,467,742,637,711,502,570
423,316,315,461,724,621,705,486,566
424,315,320,461,740,641,716,500,567
425,322,312,458,724,619,704,490,566
426,318,317,464,743,635,705,497,564
427,319,312,459,720,619,706,490,565
428,320,318,461,738,632,706,500,565
429,315,310,457,723,617,707,486,563
430,326,321,464,742,640,715,504,570
431,316,316,456,724,621,706,488,568
432,319,322,471,748,639,718,500,573
433,310,316,460,725,618,707,488,567
434,322,324,464,749,637,717,492,564
435,318,315,458,719,617,705,487,568
436,324,328,469,755,639,711,501,570
437,317,314,458,723,622,707,485,566
438,313,322,460,737,626,714,496,570
439,315,314,457,721,619,703,491,562
440,326,321,473,750,634,717,496,569
441,316,311,454,725,622,704,490,568
442,327,326,468,752,643,708,503,569
443,314,312,458,722,623,708,487,568
444,320,315,463,735,642,717,505,573
445,315,314,459,726,622,705,490,566
446,320,319,468,743,629,715,493,568
447,318,314,458,723,621,708,487,562
448,320,328,461,742,629,711,501,564
449,319,316,461,725,623,710,487,561
450,325,325,469,741,625,707,491,568
451,313,316,458,724,619,702,492,568
452,317,322,462,740,637,711,496,569
453,314,313,455,724,620,706,488,567
454,319,326,465,744,643,716,507,569
455,317,313,459,725,622,701,494,562
456,320,322,472,742,629,709,493,570
457,318,314,461,722,618,705,489,564
458,323,324,468,740,621,708,491,566
459,313,313,457,724,624,704,487,567
460,327,325,471,748,626,713,492,570
461,317,314,460,717,617,705,486,562
462,316,321,466,745,642,714,511,576
463,316,315,456,728,619,705,491,567
464,312,318,462,733,628,707,495,573
465,315,314,460,723,622,707,490,567
466,317,322,470,738,630,712,494,570
467,317,314,460,726,622,705,485,566
468,318,323,467,734,633,712,493,571
469,321,314,464,724,620,704,487,566
470,321,325,463,743,646,711,502,566
471,316,314,461,720,624,708,488,570
472,316,319,464,738,626,712,495,567
473,321,315,458,725,620,701,485,564
474,323,324,466,749,628,716,495,568
475,317,314,462,724,621,710,491,560
476,320,328,470,756,640,715,503,573
477,316,315,460,725,619,705,489,564
478,321,313,459,745,630,707,498,565
479,325,318,462,726,617,707,486,567
480,319,318,464,739,628,712,495,567
481,311,310,455,721,622,705,486,565
482,319,326,462,739,633,709,496,565
483,317,312,458,724,626,702,484,568
484,315,316,460,730,629,713,495,569
485,317,317,458,729,620,707,491,566
486,323,330,471,758,635,713,497,570
487,318,314,458,723,621,704,488,566
488,324,323,471,754,642,715,508,574
489,319,313,458,725,621,708,487,563
490,322,325,467,747,635,714,501,567
491,317,318,461,726,621,705,488,566
492,326,330,468,757,635,718,498,570
493,318,313,459,726,618,705,490,564
494,322,322,466,751,632,714,496,568
495,317,315,461,724,622,710,490,564
496,322,323,466,744,630,712,498,569
497,318,310,458,725,618,704,490,563
498,318,321,462,745,623,708,494,565
499,310,316,461,725,624,705,489,561
500,314,318,466,737,644,712,502,570
501,314,311,457,727,621,701,489,567
502,318,313,464,741,635,711,492,566
503,312,311,458,723,617,702,483,567
504,323,328,468,750,629,712,493,570
505,319,311,458,724,623,708,489,568
506,318,328,466,761,637,715,493,568
507,319,318,460,728,618,707,490,562
508,323,333,462,751,621,713,490,570
509,319,315,457,724,620,704,488,566
510,323,320,465,750,630,714,499,570
511,317,314,462,725,622,709,494,565
512,322,321,470,747,635,714,498,563
513,317,315,460,721,620,706,490,567
514,322,335,470,757,645,721,498,575
515,316,311,460,725,622,708,488,561
516,320,325,466,740,624,713,488,571
517,318,309,461,726,619,711,486,567
518,318,324,461,734,638,712,503,569
519,320,316,461,728,623,709,486,569
520,321,328,465,743,634,716,497,566
521,315,321,459,727,621,708,487,565
522,322,336,468,757,638,718,500,573
523,319,318,459,726,622,707,483,567
524,322,335,467,758,627,715,491,574
525,318,319,456,729,621,705,488,567
526,321,334,466,753,633,709,499,569
527,312,322,462,727,622,710,491,566
528,328,328,469,760,640,717,504,574
529,316,319,463,728,620,705,492,568
530,321,329,468,743,629,712,492,568
531,318,318,460,730,622,707,490,565
532,318,322,455,740,627,706,492,566
533,318,318,457,729,622,704,488,564
534,323,334,462,755,631,714,498,566
535,321,317,459,725,620,703,491,565
536,326,326,466,742,635,718,504,568
537,320,318,459,727,623,707,489,566
538,325,322,470,748,637,718,500,572
539,315,320,457,733,621,707,489,569
540,324,333,464,751,628,708,492,562
541,316,317,460,727,622,705,488,567
542,325,334,471,763,636,717,499,570
543,317,315,462,730,620,707,486,563
544,322,335,465,749,632,718,503,570
545,319,319,461,730,622,707,491,567
546,319,323,461,739,620,707,490,569
547,315,318,462,730,622,707,490,567
548,319,318,462,739,628,706,494,570
549,316,321,457,728,622,706,491,564
550,313,321,457,733,622,707,493,568
551,320,316,460,729,627,707,497,568
552,324,341,465,759,636,716,503,567
553,314,316,463,725,623,711,493,565
554,323,328,462,744,634,715,495,573
555,318,320,459,731,627,710,490,569
556,323,323,462,742,627,711,501,569
557,316,318,461,729,627,708,489,569
558,325,334,471,766,643,716,505,571
559,319,319,465,732,621,706,493,566
560,317,326,463,744,616,713,490,570
561,317,317,460,728,619,708,485,565
562,319,330,461,751,617,714,487,568
563,316,316,463,725,615,710,487,570
564,328,338,471,758,627,717,495,573
565,314,318,455,727,614,713,489,565
566,322,333,466,749,623,714,493,571
567,319,318,456,727,619,704,487,569
568,324,332,467,758,628,707,492,568
569,315,318,458,727,618,708,492,567
570,323,322,463,738,623,705,491,570
571,314,320,464,723,618,705,485,566
572,322,325,467,749,632,712,497,571
573,315,319,459,725,617,710,485,568
574,320,322,465,746,635,713,504,571
575,317,320,459,727,620,710,484,565
576,325,325,470,751,634,713,496,569
577,317,318,457,731,620,710,489,567
578,321,332,462,754,629,711,500,571
579,319,315,458,729,621,710,483,569
580,319,327,457,746,639,716,501,577
581,314,315,457,731,620,709,489,567
582,324,318,470,739,642,712,503,571
583,316,321,460,726,618,705,490,567
584,325,333,466,749,619,715,489,569
585,317,319,458,729,620,703,491,566
586,317,323,460,743,627,716,497,568
587,315,321,456,727,617,707,485,567
588,327,328,464,754,626,717,494,571
589,318,320,459,728,617,705,488,566
590,318,327,458,740,618,712,490,565
591,317,321,461,731,620,705,487,569
592,325,335,476,763,632,721,495,568
593,318,317,462,724,619,710,489,571
594,322,316,459,733,620,708,489,563
595,318,319,458,729,622,710,487,567
596,320,330,463,747,630,715,492,569
597,315,318,463,730,618,710,492,567
598,322,324,459,733,625,711,495,572
599,320,321,461,736,621,709,488,569
600,321,333,468,748,641,715,498,574
601,321,330,457,733,623,714,490,564
602,324,333,464,752,622,716,489,570
603,319,330,460,732,619,704,487,569
604,321,335,460,755,635,717,502,571
605,323,324,457,734,619,708,486,567
606,321,337,464,760,632,723,497,571
607,318,330,458,734,621,713,489,568
608,325,343,472,772,652,724,515,574
609,320,325,457,733,613,708,489,570
610,320,333,463,746,637,717,501,574
611,320,327,458,736,618,708,490,565
612,322,335,466,764,636,726,499,578
613,318,323,457,731,616,714,485,566
614,327,331,469,753,631,716,491,567
615,319,326,458,734,623,709,491,566
616,322,332,469,752,624,716,489,567
617,322,325,455,733,618,711,491,570
618,328,344,468,771,627,715,497,569
619,323,326,461,736,619,712,489,565
620,318,336,460,751,625,717,490,568
621,321,324,461,737,615,710,492,564
622,327,342,465,761,625,720,491,573
623,322,328,457,734,619,711,490,564
624,321,331,468,751,629,715,493,568
625,320,322,459,730,616,709,487,569
626,327,337,471,764,629,718,496,570
627,317,323,459,735,617,713,486,568
628,317,334,465,753,631,715,497,570
629,322,321,456,737,614,711,484,566
630,323,340,462,760,632,718,501,574
631,320,327,462,736,619,712,486,572
632,333,333,467,762,641,719,500,572
633,319,325,462,733,617,708,492,568
634,322,336,467,754,626,718,494,572
635,315,326,458,736,620,710,488,567
636,317,327,462,751,626,713,489,566
637,319,321,457,733,615,713,486,567
638,325,338,467,761,632,716,501,571
639,319,328,456,734,619,710,487,564
640,324,336,461,748,623,714,495,571
641,319,325,461,738,616,711,484,566
642,326,339,466,768,635,718,496,572
643,321,331,458,736,619,708,492,568
644,323,332,464,755,625,716,495,574
645,320,324,456,734,618,709,489,566
646,323,337,463,752,619,712,490,568
647,316,324,460,734,618,712,493,569
648,328,336,470,770,637,719,501,577
649,321,327,455,737,620,706,489,567
650,324,326,460,740,634,719,501,568
651,319,322,459,738,616,711,484,565
652,325,332,464,749,633,718,500,574
653,319,329,456,735,619,709,492,566
654,326,332,458,747,616,714,490,569
655,319,330,455,731,616,712,488,565
656,319,333,458,750,623,711,489,571
657,317,325,463,735,619,712,492,569
658,325,331,472,763,636,718,503,572
659,314,324,458,735,616,708,489,570
660,324,337,472,762,628,715,491,569
661,319,325,455,733,618,712,485,570
662,324,344,467,769,624,717,491,573
663,316,331,457,734,618,710,490,566
664,324,337,460,758,616,721,488,572
665,319,324,459,732,617,714,484,566
666,327,328,467,749,637,720,501,575
667,320,328,458,734,615,711,487,567
668,322,336,464,753,634,716,500,574
669,317,327,455,738,618,713,483,567
670,331,342,474,772,633,723,495,575
671,322,326,461,733,614,710,484,568
672,311,335,456,742,620,715,493,565
673,320,327,455,739,619,707,485,567
674,327,337,473,766,644,721,508,577
675,319,323,460,731,619,709,489,566
676,322,326,461,743,626,713,500,563
677,317,326,458,734,615,706,488,571
678,323,339,463,753,627,712,491,571
679,316,322,455,734,616,709,491,569
680,318,328,462,748,617,713,486,568
681,320,328,460,733,622,707,488,568
682,315,326,460,739,619,708,495,567
683,320,328,456,732,616,712,489,569
684,324,333,467,743,626,712,495,569
685,319,333,458,733,617,711,491,570
686,323,335,458,757,619,717,492,574
687,322,322,456,736,616,710,486,565
688,323,338,461,753,630,716,494,571
689,319,327,464,736,617,713,489,569
690,322,338,466,757,628,718,495,573
691,318,328,456,730,618,708,492,569
692,321,335,468,759,630,708,494,565
693,323,325,457,736,618,712,487,568
694,330,335,474,758,649,724,512,575
695,319,328,459,734,619,714,486,570
696,317,330,457,743,627,710,495,569
697,318,324,458,731,622,710,490,566
698,323,334,462,750,636,721,502,573
699,318,326,458,736,620,710,487,567
700,328,340,467,761,639,724,508,577
701,317,327,457,732,621,710,489,566
702,326,335,469,764,640,718,507,573
703,316,327,459,731,624,709,490,568
704,320,332,466,753,639,721,506,577
705,322,326,462,734,617,711,493,568
706,325,340,461,757,631,717,504,569
707,320,325,460,730,620,713,488,563
708,323,332,467,755,642,718,508,570
709,313,325,462,737,621,712,489,565
710,317,336,454,748,619,717,495,572
711,314,333,454,740,619,717,494,571
712,321,339,462,752,630,721,506,577
713,318,332,449,738,615,715,496,570
714,319,338,458,759,623,720,498,573
715,317,333,455,738,620,716,492,571
716,324,347,462,764,631,724,509,573
717,317,327,455,738,622,715,496,568
718,319,348,459,765,622,720,496,572
719,318,333,455,737,620,715,490,572
720,317,335,453,743,612,714,490,568
721,317,332,450,734,619,711,487,572
722,319,341,463,754,621,714,494,568
723,315,328,454,740,612,714,488,568
724,315,331,453,737,620,717,498,576
725,312,330,451,734,611,716,490,575
726,313,341,452,753,618,722,494,573
727,311,330,448,735,619,710,490,573
728,313,334,449,743,620,718,490,570
729,316,333,452,732,615,715,490,568
730,322,342,457,766,619,719,496,569
731,311,332,449,736,615,710,490,569
732,317,336,456,753,628,717,498,577
733,312,330,452,734,619,713,492,573
734,315,329,453,750,626,719,502,576
735,314,329,451,735,616,712,490,571
736,311,337,457,749,619,715,495,573
737,315,328,449,734,611,716,490,572
738,320,334,457,746,627,713,503,580
739,311,328,448,738,616,712,499,568
740,310,333,455,755,631,717,499,578
741,312,328,448,734,614,711,494,575
742,316,338,455,746,626,716,494,575
743,308,328,448,732,613,716,489,573
744,321,342,460,759,632,723,506,576
745,314,328,448,734,613,712,490,572
746,322,333,458,751,628,719,494,573
747,310,328,447,730,613,716,490,571
748,317,336,456,754,626,722,506,578
749,313,331,448,733,616,714,493,569
750,316,335,452,740,622,721,498,576
751,316,327,452,734,618,712,495,572
752,322,349,454,751,620,716,491,569
753,316,334,449,739,615,716,494,569
754,317,336,458,758,628,718,502,571
755,316,335,454,740,617,712,495,574
756,323,353,464,767,616,725,494,577
757,312,334,456,738,614,715,497,571
758,320,340,460,761,630,726,500,577
759,314,336,450,735,613,715,491,569
760,320,346,463,769,623,724,499,574
761,316,336,450,740,614,712,494,571
762,321,340,456,751,617,718,489,572
763,312,333,453,739,617,714,492,575
764,321,349,462,765,626,719,490,576
765,313,336,452,735,618,713,494,568
766,316,345,451,760,625,720,498,574
767,315,336,452,737,614,716,490,569
768,319,350,459,762,620,719,493,574
769,314,333,454,740,613,716,492,574
770,322,349,458,756,635,720,503,569
771,315,333,450,742,616,713,494,570
772,311,342,448,753,615,717,494,572
773,308,335,450,738,615,715,494,572
774,319,340,454,748,621,721,502,573
775,313,336,452,737,614,717,493,573
776,321,346,464,768,627,722,501,576
777,314,334,456,739,617,711,492,571
778,309,341,451,742,615,721,493,573
779,308,336,448,746,613,720,489,572
780,318,351,451,763,611,720,489,576
781,310,337,452,746,612,715,493,576
782,316,346,458,762,631,727,505,579
783,311,343,444,742,615,719,492,576
784,317,351,450,762,619,723,495,577
785,311,342,448,746,615,715,495,575
786,316,355,453,758,618,722,495,571
787,314,340,450,743,616,716,489,568
788,316,341,457,762,629,712,502,574
789,310,342,451,742,612,718,490,574
790,321,347,458,755,619,723,493,576
791,310,339,450,746,617,716,489,574
792,315,349,451,757,629,727,497,573
793,313,334,454,746,614,722,489,576
794,319,353,462,781,629,729,503,579
795,312,343,453,744,612,720,491,571
796,317,350,454,760,620,723,502,580
797,310,341,446,742,615,718,492,572
798,320,346,460,764,626,721,499,574
799,308,341,448,740,609,718,492,572
800,317,356,454,765,619,726,504,578
801,313,342,453,744,609,715,488,575
802,316,343,454,754,623,720,500,578
803,314,339,453,744,615,721,490,575
804,316,353,455,775,629,726,501,580
805,315,336,447,742,615,718,488,576
806,309,343,451,752,619,716,494,570
807,310,340,450,743,614,717,489,570
808,318,350,455,765,622,729,496,579
809,316,339,450,745,612,716,492,572
810,317,354,451,767,623,729,495,580
811,312,340,447,741,615,720,491,574
812,308,338,446,746,633,722,501,577
813,311,342,448,742,616,715,490,574
814,309,356,454,768,618,723,493,576
815,312,340,450,745,612,720,492,576
816,311,340,451,751,615,718,485,574
817,313,336,450,743,615,716,494,576
818,319,351,455,759,619,722,499,574
819,313,343,450,745,612,715,494,576
820,314,351,459,780,628,732,504,579
821,318,341,450,743,613,716,491,571
822,318,349,463,765,623,721,497,572
823,316,339,447,742,609,718,487,577
824,315,350,453,768,623,731,494,578
825,312,339,447,742,617,716,492,572
826,322,353,462,773,629,732,499,580
827,316,337,449,745,610,715,494,571
828,313,342,458,757,621,723,495,578
829,312,336,451,741,614,714,493,575
830,317,354,452,768,620,723,496,574
831,312,333,449,741,615,718,493,575
832,322,352,459,775,628,723,494,575
833,313,336,448,746,615,717,488,572
834,324,352,461,759,640,727,511,578
835,312,339,450,746,612,720,491,575
836,317,355,455,777,623,726,498,578
837,317,339,450,742,615,716,492,573
838,313,346,459,751,630,719,501,578
839,313,340,446,743,614,722,490,579
840,318,349,456,766,620,722,501,577
841,313,342,449,743,613,719,488,575
842,313,337,452,750,624,715,501,575
843,309,341,449,745,615,720,489,572
844,319,348,461,762,628,726,502,575
845,310,343,452,741,615,716,491,572
846,322,341,460,763,628,727,499,580
847,315,342,449,744,611,718,493,570
848,323,359,468,784,632,722,503,576
849,309,342,448,743,617,718,490,574
850,317,355,456,775,621,720,494,568
851,313,339,450,744,613,719,489,575
852,323,347,456,758,624,722,498,576
853,315,339,452,741,616,717,488,574
854,316,359,456,780,629,729,502,581
855,311,336,446,739,616,713,493,571
856,318,348,455,769,620,722,490,578
857,308,340,448,743,611,714,490,568
858,314,354,450,762,623,721,500,577
859,316,340,453,744,614,718,490,571
860,317,347,459,764,618,719,494,569
861,307,336,451,743,615,720,491,572
862,319,355,459,774,616,723,495,576
863,315,340,450,744,613,717,490,570
864,309,342,444,747,612,721,495,573
865,305,340,440,735,611,718,491,571
866,314,352,453,771,620,725,493,579
867,310,339,442,737,613,715,491,572
868,309,344,449,746,618,718,495,577
869,306,338,444,736,612,719,489,569
870,313,348,457,769,630,728,509,575
871,304,334,444,740,613,715,493,573
872,316,356,461,778,625,724,503,577
873,307,338,443,734,608,717,494,572
874,313,340,445,745,610,720,491,578
875,311,336,444,741,612,717,488,576
876,311,348,449,754,631,726,508,574
877,303,335,442,737,615,714,491,572
878,308,353,447,771,616,726,497,579
879,307,335,443,738,613,720,488,575
880,311,348,449,753,612,716,490,573
881,309,337,443,735,611,721,487,570
882,307,339,445,748,616,720,492,576
883,311,333,439,742,609,717,495,574
884,313,340,450,758,625,727,498,578
885,304,333,444,739,613,721,486,572
886,317,346,450,771,626,723,501,577
887,306,339,440,739,608,714,492,573
888,310,341,447,748,620,719,500,571
889,307,336,438,734,614,718,491,573
890,307,347,445,753,621,717,500,572
891,309,332,441,738,613,717,490,575
892,313,346,447,759,620,723,497,572
893,310,338,440,742,613,717,492,575
894,315,351,445,757,622,718,497,572
895,306,337,442,735,606,714,491,570
896,316,360,460,775,633,728,510,584
897,305,336,443,739,612,716,492,573
898,311,354,451,765,628,724,499,575
899,306,335,445,736,609,718,493,573
900,316,355,454,769,620,725,492,573
901,311,335,442,741,614,721,492,572
902,306,342,446,753,617,716,492,570
903,308,338,441,742,615,713,491,575
904,310,344,448,751,624,723,501,578
905,309,336,444,734,614,717,494,574
906,314,354,451,769,615,724,498,579
907,305,334,443,738,614,714,488,574
908,313,345,449,755,617,716,493,574
909,304,336,441,742,615,716,488,574
910,303,342,443,748,608,716,488,574
911,309,336,442,740,611,719,485,574
912,310,343,444,757,630,729,508,586
913,309,336,443,737,606,719,492,571
914,312,348,449,763,612,725,492,576
915,308,337,445,741,606,721,485,575
916,317,352,454,773,621,726,496,579
917,307,332,441,738,611,717,489,571
918,311,350,448,757,616,724,492,577
919,309,336,446,736,605,717,487,570
920,310,343,448,755,618,721,493,575
921,307,334,440,736,609,718,488,574
922,309,347,453,767,629,729,499,580
923,306,336,440,741,605,714,487,570
924,317,352,453,776,613,730,491,578
925,304,339,445,736,607,714,488,575
926,314,346,451,756,619,722,496,577
927,310,337,440,739,605,716,487,572
928,313,342,449,763,614,722,491,573
929,307,338,442,739,606,715,488,571
930,307,347,443,753,614,722,493,575
931,305,338,446,740,608,717,489,574
932,305,346,448,760,625,721,492,580
933,306,334,443,737,608,711,492,573
934,310,336,442,734,622,719,495,578
935,306,342,439,735,610,719,493,572
936,308,346,435,749,616,723,489,579
937,310,338,440,732,608,711,493,576
938,315,352,443,763,611,725,490,575
939,305,335,441,732,602,718,489,574
940,313,347,450,752,618,721,496,575
941,304,333,441,735,605,713,485,573
942,313,340,444,750,611,717,495,572
943,305,336,440,739,609,715,488,570
944,313,348,451,756,623,716,501,576
945,303,338,438,735,607,714,484,574
946,314,347,450,752,626,718,504,574
947,304,336,439,738,605,717,488,572
948,317,352,450,766,620,723,500,583
949,307,338,442,736,608,716,486,573
950,313,350,446,756,619,721,497,575
951,307,338,440,736,607,719,484,567
952,316,342,455,765,626,724,502,581
953,306,335,437,737,607,715,485,574
954,310,344,441,749,615,722,498,578
955,301,336,438,730,605,717,487,572
956,312,347,447,758,616,721,495,572
957,305,331,442,734,608,716,486,573
958,312,350,451,766,623,728,498,579
959,309,337,439,733,604,720,488,571
960,313,349,454,762,633,726,510,580
961,305,333,441,737,604,714,487,573
962,310,344,439,754,617,729,501,578
963,304,332,442,737,605,711,486,572
964,309,351,442,762,621,727,495,578
965,306,336,439,733,608,717,487,574
966,314,343,447,751,622,718,504,579
967,308,339,442,734,606,715,487,571
968,307,340,433,741,603,714,485,570
969,302,338,433,736,605,717,490,570
970,312,355,442,767,617,724,494,574
971,304,336,437,735,610,714,489,573
972,310,346,447,750,619,722,500,578
973,302,337,434,733,604,716,487,572
974,305,345,439,750,613,719,493,575
975,303,335,437,734,605,717,488,577
976,306,345,443,756,623,722,502,578
977,304,336,432,734,602,715,488,571
978,306,345,439,759,614,722,492,575
979,299,337,436,731,603,712,487,573
980,314,353,446,757,616,725,498,582
981,303,336,439,733,604,717,493,572
982,304,348,429,750,615,722,499,580
983,306,333,434,731,606,717,490,572
984,306,351,441,752,610,730,493,577
985,305,337,431,733,604,714,486,572
986,308,347,445,755,620,724,493,580
987,305,335,438,734,600,716,484,577
988,311,343,440,753,621,722,502,577
989,303,336,436,733,607,715,489,568
990,304,341,439,749,611,721,492,570
991,301,337,436,736,604,714,487,570
992,306,343,442,746,608,719,491,576
993,301,337,435,734,602,714,490,572
994,304,345,439,756,613,722,496,576
995,305,337,434,733,607,717,486,570
996,305,344,443,761,614,725,493,576
997,303,340,433,734,604,716,483,573
998,308,349,443,758,620,723,501,580
999,302,336,436,737,604,718,490,574
1000,305,349,440,739,612,717,493,572
1001,307,343,437,740,608,717,492,573
1002,311,359,449,769,619,729,500,581
1003,303,343,434,739,607,718,487,572
1004,311,356,450,764,625,729,515,580
1005,302,344,439,740,604,716,486,573
1006,314,364,448,773,618,729,503,576
1007,300,340,433,733,606,716,487,575
1008,309,350,449,754,618,722,497,577
1009,303,345,436,741,605,716,493,568
1010,310,362,450,772,624,727,505,575
1011,304,346,433,736,605,720,488,572
1012,313,352,452,762,631,727,506,581
1013,303,340,437,739,602,718,489,568
1014,315,350,443,757,616,721,495,578
1015,304,348,437,738,603,716,487,574
1016,311,358,448,767,617,726,495,578
1017,302,344,440,738,601,716,486,574
1018,310,343,443,749,619,722,506,578
1019,306,342,438,740,607,716,488,573
1020,313,357,446,767,625,727,496,581
1021,305,346,434,739,607,715,487,573
1022,303,355,437,753,612,719,490,569
1023,306,340,438,740,604,714,488,576
1024,312,355,450,768,632,725,506,582
1025,304,344,437,737,606,717,490,576
1026,317,359,447,771,614,724,497,576
1027,307,342,435,736,605,715,486,572
1028,312,348,439,748,620,715,504,575
1029,303,341,436,737,609,717,490,572
1030,312,361,443,772,615,723,497,577
1031,304,345,435,735,604,716,483,575
1032,312,354,443,757,610,728,496,578
1033,306,344,437,740,608,718,488,577
1034,313,350,446,760,609,720,493,574
1035,305,342,434,742,604,716,487,571
1036,305,350,440,751,613,724,493,569
1037,304,340,438,738,608,720,490,566
1038,307,360,440,763,616,728,498,572
1039,304,347,434,739,607,716,487,574
1040,308,347,437,753,606,717,488,577
1041,308,342,440,736,605,716,485,570
1042,311,350,448,751,618,720,497,574
1043,306,346,435,736,605,717,492,574
1044,310,359,442,768,618,732,503,585
1045,304,344,436,740,601,715,484,575
1046,314,347,450,763,629,729,501,576
1047,306,338,434,741,606,717,490,576
1048,311,348,451,757,612,724,497,579
1049,302,345,435,740,605,716,491,572
1050,312,357,450,773,610,725,494,578
1051,306,342,435,735,608,717,489,567
1052,307,352,447,769,626,728,498,576
1053,308,343,435,742,603,717,492,574
1054,308,355,444,765,612,723,493,574
1055,301,341,435,732,607,713,487,575
1056,312,359,447,769,623,730,504,580
1057,303,340,438,739,604,719,489,575
1058,313,351,445,760,620,724,499,576
1059,308,343,435,737,604,716,487,571
1060,310,350,446,758,622,723,498,576
1061,304,345,435,736,605,718,492,574
1062,310,345,441,749,606,719,490,572
1063,307,348,434,739,605,719,490,573
1064,304,344,435,747,607,716,491,577
1065,302,343,433,739,610,712,487,575
1066,304,348,441,756,622,722,496,575
1067,304,341,438,737,604,713,489,572
1068,304,352,443,757,620,728,497,578
1069,302,344,433,737,601,716,490,572
1070,313,357,447,762,613,722,495,575
1071,300,341,435,740,608,713,486,571
1072,310,349,446,754,619,723,497,576
1073,303,343,435,736,605,713,487,571
1074,299,347,436,745,606,716,497,574
1075,304,342,432,737,603,714,488,569
1076,310,354,449,771,632,730,509,582
1077,306,341,437,738,603,716,488,574
1078,314,357,457,780,628,728,503,583
1079,305,343,434,739,604,717,488,574
1080,307,358,444,770,621,729,501,577
1081,305,342,438,740,602,717,488,574
1082,314,363,447,779,624,729,503,580
1083,304,343,437,739,609,716,488,572
1084,302,351,433,749,607,720,493,578
1085,303,344,438,738,609,715,492,578
1086,315,350,442,760,615,724,500,578
1087,301,344,436,740,614,719,493,578
1088,311,354,446,763,627,731,506,588
1089,305,344,438,743,611,721,496,576
1090,306,351,443,759,617,723,502,578
1091,306,345,435,740,611,721,494,576
1092,311,352,443,760,615,723,501,580
1093,305,340,440,737,608,720,492,575
1094,310,351,446,761,631,726,514,585
1095,304,344,437,741,610,721,493,579
1096,314,349,451,762,621,725,500,581
1097,306,342,436,738,610,715,495,575
1098,308,362,445,773,627,735,504,587
1099,305,344,438,743,611,717,494,575
1100,310,355,442,761,626,726,509,586
1101,307,347,435,741,612,721,494,579
1102,314,360,447,766,625,730,506,586
1103,306,340,438,739,609,717,493,579
1104,311,361,449,774,622,728,503,581
1105,308,345,433,739,611,717,498,579
1106,307,351,441,754,618,730,499,580
1107,307,340,438,740,612,722,496,577
1108,312,364,451,771,623,725,502,576
1109,304,345,440,740,608,718,497,576
1110,310,359,446,774,612,724,494,576
1111,304,345,438,743,609,719,495,574
1112,311,346,441,748,620,722,498,578
1113,305,345,439,739,612,718,495,573
1114,306,353,442,755,611,727,494,578
1115,303,340,440,738,609,722,490,577
1116,316,350,450,771,614,724,500,576
1117,301,344,437,743,610,716,492,571
1118,311,360,448,771,622,730,500,583
1119,302,341,437,740,608,723,490,576
1120,310,357,444,761,611,726,496,576
1121,304,351,435,740,607,719,496,576
1122,317,359,450,774,622,730,500,586
1123,308,339,441,738,614,718,495,577
1124,313,355,451,775,625,730,504,584
1125,303,346,439,741,608,722,494,576
1126,306,355,449,758,621,727,498,583
1127,305,344,437,738,615,720,495,578
1128,310,356,439,762,609,727,494,579
1129,308,340,437,737,609,717,493,575
1130,315,364,445,768,623,726,505,578
1131,304,347,439,741,610,721,491,575
1132,299,353,435,746,605,719,494,574
1133,303,341,432,734,604,717,494,575
1134,306,354,440,760,616,728,500,583
1135,302,341,432,734,609,719,494,577
1136,301,354,435,752,614,724,495,577
1137,298,343,429,740,606,719,492,572
1138,305,353,438,758,613,726,500,578
1139,298,342,430,731,607,715,492,573
1140,309,357,451,774,619,726,498,580
1141,302,345,431,740,608,717,490,573
1142,304,351,432,746,621,722,500,577
1143,297,339,430,735,601,717,489,578
1144,304,354,433,751,616,717,499,576
1145,301,343,426,739,609,718,498,580
1146,307,354,441,765,625,729,503,579
1147,299,344,433,735,605,718,495,580
1148,303,351,439,753,617,721,504,578
1149,301,339,429,732,605,720,492,575
1150,299,343,436,749,612,718,502,576
1151,301,345,432,736,602,719,489,577
1152,300,346,436,741,622,723,506,576
1153,299,342,435,735,602,721,492,573
1154,309,361,440,756,606,722,492,575
1155,302,341,431,738,603,724,491,574
1156,299,350,436,755,613,727,498,574
1157,301,342,431,735,611,719,493,577
1158,299,348,435,754,616,723,497,576
1159,299,335,431,734,606,719,490,575
1160,304,351,442,761,616,730,495,579
1161,300,342,433,737,604,716,491,577
1162,307,343,439,743,616,724,508,579
1163,301,340,430,733,612,719,492,576
1164,300,353,439,759,612,723,494,577
1165,305,346,429,735,606,716,494,572
1166,304,351,437,759,619,726,503,580
1167,298,341,435,730,606,719,489,576
1168,305,347,435,743,618,721,502,581
1169,301,345,430,735,600,722,488,578
1170,305,346,442,760,619,720,498,574
1171,302,342,431,739,606,719,489,579
1172,306,348,436,755,615,723,502,581
1173,298,341,429,732,609,721,490,576
1174,307,351,444,758,609,724,494,577
1175,297,343,430,735,606,719,492,574
1176,310,350,437,744,614,724,495,577
1177,296,342,432,730,605,722,491,573
1178,311,350,444,757,624,727,506,584
1179,299,349,434,738,606,726,491,577
1180,305,342,438,745,608,725,498,576
1181,298,342,436,739,606,718,493,576
1182,310,361,444,766,626,731,506,587
1183,298,342,433,735,603,716,493,581
1184,310,348,435,751,616,725,507,583
1185,300,342,427,738,607,718,491,578
1186,312,361,445,770,620,738,507,587
1187,304,339,430,738,604,720,493,576
1188,300,349,432,743,608,721,495,573
1189,300,339,435,734,606,719,494,575
1190,304,357,438,758,619,723,501,576
1191,301,347,433,738,606,720,491,576
1192,309,349,435,749,615,721,495,576
1193,300,344,428,732,610,718,492,578
1194,308,355,434,764,621,728,499,583
1195,299,347,434,733,604,716,491,575
1196,308,361,446,769,620,730,498,582
1197,297,344,434,735,605,716,492,575
1198,302,345,437,745,605,725,490,579
1199,299,342,430,735,604,717,493,573
1200,312,359,445,756,613,725,497,581
1201,296,345,434,737,607,719,495,578
1202,306,355,445,771,616,731,499,584
1203,300,340,429,738,603,713,493,578
1204,305,344,438,751,617,724,499,582
1205,300,340,427,735,604,720,491,574
1206,305,348,437,758,615,722,501,576
1207,300,341,427,733,606,716,488,577
1208,304,350,438,753,604,719,487,575
1209,307,343,430,740,606,721,497,574
1210,305,342,437,742,618,727,502,583
1211,299,342,429,736,612,719,489,575
1212,311,356,445,772,613,727,494,582
1213,298,342,431,738,604,721,491,576
1214,315,355,446,769,613,730,500,580
1215,303,343,432,739,606,719,492,578
1216,304,359,437,756,620,732,507,582
1217,299,342,430,735,610,723,492,573
1218,310,355,442,764,616,725,497,579
1219,302,342,429,736,605,722,495,577
1220,303,350,439,753,615,722,501,577
1221,300,341,429,737,605,712,490,572
1222,305,357,436,765,614,726,502,576
1223,304,339,431,738,611,716,494,577
1224,304,349,435,757,613,720,496,576
1225,303,342,431,734,607,721,491,577
1226,305,357,440,764,615,725,503,584
1227,304,342,431,737,609,721,494,575
1228,307,351,444,755,618,727,496,578
1229,300,346,427,735,607,718,489,572
1230,307,356,440,766,630,733,513,585
1231,299,345,430,737,603,718,491,574
1232,306,352,438,754,619,726,498,581
1233,300,346,427,737,608,721,492,577
1234,304,352,438,750,609,723,491,579
1235,298,342,430,732,607,716,488,577
1236,310,355,440,761,615,728,497,581
1237,299,344,428,737,610,721,491,573
1238,309,352,439,757,610,727,496,581
1239,299,344,432,734,606,714,491,577
1240,307,348,438,746,606,717,492,572
1241,300,345,430,736,606,720,492,575
1242,307,353,437,751,610,722,498,579
1243,299,339,429,734,603,718,494,576
1244,307,349,436,749,605,718,483,571
1245,304,341,432,736,608,723,490,577
1246,310,358,440,772,626,734,509,587
1247,301,343,430,737,601,720,495,577
1248,303,357,439,766,618,726,505,578
1249,299,342,432,733,604,720,493,577
1250,310,360,441,754,600,721,491,579
1251,300,342,430,739,605,722,491,577
1252,301,352,434,746,605,723,491,574
1253,302,349,431,740,607,719,496,578
1254,309,361,441,762,621,727,508,587
1255,301,347,434,746,610,722,494,574
1256,306,355,434,756,614,725,496,579
1257,304,352,433,742,610,720,493,578
1258,305,349,437,747,606,720,489,575
1259,306,352,433,746,602,719,487,576
1260,303,357,440,757,616,721,499,573
1261,302,348,430,743,603,723,490,577
1262,310,351,441,756,607,724,496,576
1263,304,357,430,744,607,719,489,577
1264,306,366,448,775,630,732,510,587
1265,307,351,438,743,608,717,490,574
1266,301,357,434,750,621,722,507,576
1267,305,350,432,743,601,720,493,579
1268,310,364,444,778,603,727,486,579
1269,300,355,428,741,603,723,491,576
1270,308,368,440,777,605,727,494,579
1271,304,345,433,744,600,719,494,577
1272,308,358,442,762,624,731,505,575
1273,301,349,431,745,607,721,490,576
1274,310,360,440,769,617,730,501,585
1275,302,355,431,744,606,721,489,580
1276,308,355,438,757,622,729,506,575
1277,304,351,432,740,607,718,492,575
1278,309,359,444,763,622,730,505,582
1279,300,350,436,745,602,726,490,580
1280,310,361,439,760,615,727,497,577
1281,301,351,432,749,603,721,490,571
1282,310,361,443,762,619,727,501,575
1283,300,352,433,742,606,725,491,577
1284,307,363,445,770,616,732,501,579
1285,300,352,435,742,604,721,493,574
1286,309,357,439,757,613,719,501,576
1287,305,351,429,741,608,723,492,577
1288,311,366,445,774,619,734,504,586
1289,298,349,431,746,606,722,493,575
1290,309,353,439,757,606,724,500,579
1291,301,353,428,746,601,718,489,578
1292,308,367,444,769,624,729,507,584
1293,306,349,433,745,608,721,492,576
1294,313,364,445,776,626,734,512,588
1295,302,352,429,741,604,722,492,572
1296,305,367,439,761,614,727,495,579
1297,302,353,431,741,601,721,489,578
1298,308,358,441,766,623,733,500,581
1299,306,353,431,740,602,721,489,576
1300,308,360,440,762,610,726,494,582
1301,301,347,432,741,605,724,489,577
1302,303,354,437,758,614,723,497,578
1303,302,351,434,742,602,719,492,577
1304,310,367,442,777,611,731,501,582
1305,302,347,436,745,605,724,491,575
1306,305,360,433,757,608,724,493,575
1307,300,349,430,744,604,724,493,580
1308,309,354,439,763,615,732,507,582
1309,303,348,435,745,603,724,493,580
1310,309,354,435,765,612,730,496,582
1311,302,350,434,742,608,718,492,575
1312,305,353,436,753,613,728,500,580
1313,304,350,433,743,607,724,496,576
1314,305,360,437,766,613,731,494,582
1315,303,350,432,747,606,722,492,576
1316,300,352,432,754,612,721,499,583
1317,304,350,426,742,605,719,494,577
1318,306,352,439,757,611,723,495,579
1319,301,351,430,738,606,716,493,580
1320,308,366,443,773,617,735,503,588
1321,302,345,434,744,606,724,491,574
1322,309,366,439,768,612,724,498,578
1323,302,350,435,742,604,723,491,579
1324,299,353,427,747,606,722,494,577
1325,301,350,427,737,604,724,490,576
1326,305,356,431,757,612,723,502,579
1327,296,350,428,742,605,720,490,575
1328,305,363,433,761,611,727,495,579
1329,296,351,428,743,602,718,489,573
1330,305,364,438,761,618,728,501,582
1331,299,350,427,741,604,721,492,580
1332,307,366,439,766,625,730,505,585
1333,299,351,424,739,605,718,494,576
1334,306,362,435,756,621,733,505,582
1335,299,350,424,745,602,719,489,573
1336,303,364,436,758,619,724,500,578
1337,297,349,425,741,605,721,491,577
1338,297,359,429,758,617,727,508,581
1339,294,350,428,742,600,722,494,575
1340,308,364,441,767,615,726,497,582
1341,300,348,425,745,603,721,492,571
1342,301,359,436,754,613,721,505,581
1343,297,349,427,735,603,717,491,574
1344,304,355,436,760,609,723,490,572
1345,298,352,426,737,604,719,493,573
1346,303,355,432,745,604,720,501,579
1347,302,346,424,737,602,721,494,578
1348,304,365,437,771,603,725,492,572
1349,294,352,425,739,607,720,489,577
1350,310,359,443,765,615,722,497,581
1351,297,352,428,738,609,722,491,571
1352,302,357,438,753,605,715,493,575
1353,298,350,425,739,604,717,489,573
1354,302,364,433,766,616,727,509,586
1355,299,348,428,740,604,720,493,574
1356,306,358,438,749,604,724,490,577
1357,296,350,426,740,604,720,489,578
1358,302,349,434,746,610,725,496,583
1359,302,350,424,738,602,723,488,577
1360,303,357,432,757,614,723,496,580
1361,299,350,427,744,605,718,491,577
1362,301,359,434,769,616,729,498,584
1363,299,346,425,737,606,716,494,576
1364,309,366,444,776,613,730,498,583
1365,297,348,431,746,606,722,491,576
1366,303,360,436,768,616,729,497,575
1367,298,349,424,739,604,721,492,581
1368,303,365,434,763,613,730,496,582
1369,298,349,429,740,603,720,495,575
1370,310,369,442,776,617,730,504,580
1371,297,355,427,738,605,718,494,578
1372,301,362,432,764,614,727,498,583
1373,296,350,428,741,600,724,491,578
1374,303,356,434,758,602,724,490,574
1375,297,351,428,740,602,719,491,575
1376,304,357,434,768,603,719,494,577
1377,295,352,428,741,599,720,493,579
1378,304,363,439,759,616,727,510,580
1379,298,350,427,738,606,719,494,576
1380,306,363,438,759,616,728,502,585
1381,297,351,428,737,605,719,491,574
1382,302,351,433,751,608,721,497,578
1383,297,349,427,741,601,714,496,574
1384,308,363,443,780,611,727,495,575
1385,299,349,431,744,604,724,493,579
1386,306,358,432,749,614,728,501,583
1387,296,355,429,745,605,724,490,577
1388,308,364,439,765,612,727,502,582
1389,293,357,426,744,603,722,492,576
1390,308,371,442,780,616,733,496,584
1391,294,356,429,743,608,718,497,579
1392,304,364,439,767,619,730,504,580
1393,298,358,425,747,599,721,493,577
1394,303,372,433,760,614,731,506,585
1395,298,356,428,746,601,717,488,578
1396,303,361,430,757,617,730,502,582
1397,299,354,430,741,602,725,492,576
1398,305,363,435,764,613,729,497,582
1399,301,358,429,746,602,723,490,578
1400,302,368,437,764,615,726,505,579
1401,301,355,426,742,605,726,488,579
1402,307,372,437,778,625,727,506,581
1403,299,352,427,744,601,720,491,575
1404,308,363,439,771,619,730,504,581
1405,302,357,434,744,603,722,492,577
1406,304,364,436,757,607,721,496,580
1407,299,355,429,747,606,719,493,579
1408,305,358,436,755,617,727,499,578
1409,300,358,431,746,601,721,494,581
1410,301,366,431,765,613,725,499,581
1411,298,357,423,746,602,727,488,574
1412,312,383,450,789,627,737,510,589
1413,299,354,429,746,600,722,488,574
1414,307,371,438,773,612,728,502,578
1415,298,358,434,745,606,717,490,576
1416,307,375,436,769,609,733,496,581
1417,298,355,428,744,606,720,493,575
1418,302,362,434,764,616,729,496,580
1419,297,356,429,745,606,723,494,577
1420,302,361,435,756,615,726,501,577
1421,298,353,426,744,597,722,491,574
1422,310,378,441,779,619,735,507,583
1423,300,358,429,740,606,718,494,575
1424,303,371,435,770,618,730,501,575
1425,299,356,429,743,600,720,495,578
1426,308,370,442,775,616,735,499,578
1427,297,354,428,745,604,719,491,578
1428,309,361,436,764,611,725,492,583
1429,301,354,427,740,603,721,489,578
1430,298,355,434,754,621,728,505,580
1431,300,355,426,744,603,722,491,576
1432,304,369,439,763,620,731,504,582
1433,299,354,427,747,602,719,493,576
1434,309,373,444,787,619,739,502,582
1435,296,357,425,746,605,722,494,572
1436,303,365,433,762,615,726,500,580
1437,298,354,430,747,604,720,489,578
1438,306,371,440,777,615,732,498,581
1439,298,355,423,743,604,725,489,581
1440,302,363,434,759,619,725,503,582
1441,299,361,427,743,601,720,492,580
1442,307,372,438,775,606,724,496,578
1443,297,356,430,744,600,720,489,578
1444,306,369,443,780,621,732,507,585
1445,296,357,430,745,603,722,494,576
1446,300,361,429,764,607,725,492,579
1447,300,358,424,747,603,717,490,580
1448,302,368,435,769,611,731,505,579
1449,301,357,426,743,604,723,492,579
1450,303,368,433,756,606,725,496,580
1451,299,358,424,747,603,723,491,576
1452,306,363,441,765,612,726,502,577
1453,299,353,431,745,605,717,487,578
1454,303,370,433,761,622,730,510,579
1455,301,356,429,748,605,722,491,578
1456,300,359,434,758,612,729,502,584
1457,298,359,427,746,607,721,489,580
1458,301,365,431,757,618,728,504,576
1459,301,354,429,748,605,722,492,570
1460,306,376,440,772,625,734,503,581
1461,296,349,427,746,604,722,492,576
1462,307,372,440,773,616,728,498,580
1463,301,355,428,743,602,725,495,576
1464,299,358,434,756,622,729,509,583
1465,301,359,430,745,603,720,490,574
1466,303,363,433,763,613,726,500,577
1467,296,357,425,741,602,723,494,578
1468,307,363,432,765,614,729,499,582
1469,297,355,425,747,603,725,493,575
1470,305,367,438,765,618,734,509,583
1471,299,359,427,748,602,719,493,581
1472,307,373,441,775,607,728,493,574
1473,298,356,425,743,602,719,490,576
1474,301,356,434,756,614,727,501,582
1475,296,356,434,745,608,722,491,576
1476,304,361,435,763,604,723,495,576
1477,296,357,429,745,598,722,491,577
1478,304,368,434,762,617,726,497,581
1479,301,354,427,747,603,723,495,574
1480,305,371,434,770,609,728,496,580
1481,302,357,429,745,604,721,491,580
1482,305,366,439,767,618,733,501,583
1483,295,359,429,745,602,723,491,578
1484,303,361,436,767,612,724,493,580
1485,301,355,426,746,606,724,491,575
1486,305,364,432,767,612,728,503,577
1487,300,357,428,740,604,723,492,578
1488,303,358,431,759,608,726,493,579
1489,297,355,428,752,606,721,491,580
1490,310,373,440,767,605,725,492,578
1491,298,355,428,746,601,721,491,575
1492,313,364,441,768,617,728,500,583
1493,300,359,426,744,602,721,492,575
1494,304,365,426,762,601,728,488,583
1495,295,355,429,744,604,723,490,576
1496,302,366,441,771,611,727,496,583
1497,297,355,427,745,607,726,493,579
1498,303,358,433,758,607,725,496,574
1499,298,354,431,742,603,726,496,576
1500,304,370,438,780,616,730,499,578
1501,300,358,426,742,604,722,491,577
1502,307,371,440,772,625,738,506,588
1503,298,357,429,744,607,719,489,577
1504,304,375,439,779,615,732,504,577
1505,298,354,426,745,610,717,495,575
1506,306,358,434,763,624,725,510,579
1507,295,354,431,743,603,718,491,577
1508,309,368,439,780,620,727,507,583
1509,302,358,431,747,602,721,489,577
1510,299,363,432,758,609,724,492,576
1511,298,360,428,743,602,722,494,575
1512,310,370,441,778,620,736,504,587
1513,301,357,425,742,608,716,490,577
1514,301,360,432,758,619,730,501,583
1515,296,357,429,747,604,721,493,578
